id,slug,bcp47
10007,tera,ttr
100107,sedoa,tvw
10014,tangale,tan
10021,mwaghavul,sur
10022,sukur,syk
100227,gbe-saxwe,sxw
100255,bikol-buhinon,ubl
100282,yakha,ybh
100301,tal,tal
100378,ache,yif
10040,saya,say
100408,munda,unx
100453,naga-yimchungru,yim
10048,reshe,res
100506,varhadi-nagpuri,vah
100574,tennet,tex
100677,kroumen-tepo,ted
100703,awa,vwa
10076,gbari,gby
100773,waura,wau
100807,zapotec-tabaa,zat
10085,gbagyi,gbr
100859,tobelo,tlb
100882,malay-papuan,ms-pmy
100947,mbuko,mqb
100953,mbelime,mql
100971,nyala,nle
10106,izere,izr
101096,popoloca-san-luis-temalacayuca,pps
101184,noiri,noi
10124,etsako-iyekhe,ets
101301,napu,npy
101310,naga-chokri,nri
101316,naga-sangtam,nsa
101328,powari,pwr
101396,meqa,mvz
10143,gokana,gkn
101456,suba-simbiti,ssc
101474,muria-western,mut
101511,ralte,ral
101512,canela,ram
101562,moken,mwt
10157,fakai,gel
101621,tarifit,rif
101630,rakhine,rki
101632,rangpuria-bangla,rkt
101665,moma,myl
101677,naga-zeme,nzm
101718,melpa,med
101729,merey,meq
101788,marma,rmz
101827,matal,mfh
101833,mbe,mfo
101847,naga-chang,nbc
10185,berom,bom
101919,manda,mgs
10208,bekwarra,bkv
102103,toura,neb
10221,bade,bde
102234,senoufo-nyarafolo,sev
102259,yanomami-ninam,shb
10231,awak,awo
102324,nandi,niq
10241,ekpari,ekr
10248,ekajuk,eka
10252,eggon,ego
10255,edo,bin
10262,kirho,dud
10292,dadiya,dbd
10343,bura-pabir,bwr
10364,obolo,ann
10365,gamai,ank
10393,norwegian-bokmal,no
10450,hindko-northern,hno
10455,hindko-southern,hnd
10461,waneci,wne
10474,torwali,trw
10488,sindhi-bhil,sbn
10500,shina-kohistani,plk
10519,pashto-southern,pbt
10526,kohistani-indus,mvy
10527,marwari-northern,mve
10528,marwari-southern,mve
10529,dhatki,mki
10535,koli-wadiyara,kxp
10536,kohli-parkari,kvx
10545,sansi,ssi
105534,tiriki,ida
10558,khowar,khw
10559,jadgali,jdg
10570,burushaski,bsk
10589,palauan,pau
10597,guaymi,gym
10601,buglere,sab
10616,arifama-miniafia,aai
106188,rufumbira,rw
10685,amanab,amn
106963,lala,lla
10715,bariai,bch
10726,barai,bbb
10810,anjam,boj
108102,csango,hu
10813,bola,bnp
108321,likoonl,xon
108591,erei,yay
109459,yakpa,bjo
10981,yonggom,yon
11033,watakataui,wtk
11052,vitu,wiv
1106,german-standard,de
1107,hungarian,hu
1109,croatian,hr
11092,lote,uvl
11105,urat,urt
11108,urim,uri
1112,slovenian,sl
1113,romani-sinte,rmo
11150,vasui,tpz
111586,acchami,npi
111587,baitadeli,npi
111588,darchuleli,npi
111589,bajhangi,npi
111677,kermanshahi,sdh
11230,mandara,tbf
1124,talysh,tly
11251,aramba,stk
11259,sinasina,sst
1126,tat-juhuri,jdt
1127,lezgi,lez
11303,sinaugoro,snc
11329,rawa,rwo
11446,bine,bon
11479,numanggang,nop
114921,jur-beli,blm
114936,plang,blr
115239,bobe,bvb
11536,nakanai,nak
116416,dagara,dga
11668,medlpa,med
1171,assamese,as
117883,gangam,gng
11789,kunimaipa,kup
1181,chin-asho,csh
11816,kuanua,ksd
1189,ho,hoc
119071,jar,jgk
1192,chin-falam,cfm
119277,hona,hwo
1193,hajong,haj
1194,kurux,kru
11956,rumu,klq
1197,khasi,kha
12019,kamano,kbq
1204,garo,grt
12040,imbongu,imo
12053,huli,hui
12057,hote,hot
12065,halia,hla
121129,goji,kuh
12151,kandawo,gam
12186,ogea,eri
12200,enga,enq
12286,bimin,bhl
12296,abau,aau
1231,kok-borok,trp
12327,guarani-paraguayan,gug
1236,sylhetti,syl
12392,shipibo-conibo,shp
12399,quechua-cuzco,quz
12402,quechua-ayacucho,quy
12421,quechua-lambayeque,quf
12422,quechua-huanuco-huallaga,qub
12428,quechua-north-junin,qvn
12441,quechua-huanuco-huamalies-northern-dos-de-mayo,qvh
12445,quechua-ancash-conchucos-southern,qxo
12449,quechua-ancash-conchucos-northern,qxn
12461,quechua-ancash-huaylas,qwh
1250,mundari,unr
1251,mru,mro
12518,paranan,prf
1252,chin-khumi,cnk
12529,yakan,yka
1253,chakma,ccp
12533,waray-waray,war
12535,tausug,tsg
12537,tiruray,tiy
1254,burmese,my
125402,ushoi,usi
12551,tagalog,fil
12557,tboli,tbl
12568,subanon-western,suc
12572,subanen-northern,stb
125753,verre,ver
12585,sangil,snl
12588,sama-central,sml
12589,bolinao,smk
1259,belorussian,be
12595,sama-southern,ssb
12596,ayta-mag-antsi,sgb
12602,romblomanon,rol
12603,molbog,pwm
12606,pangasinan,pag
12622,masbatenyo,msb
12624,maranao,mrw
12635,magindanaon,mdh
12640,manobo-matigsalug,mbt
12657,inonhan,loc
12672,kinaray-a,krj
12682,kankanaey,kne
1269,dutch,nl
12693,kalagan-tagakaulu,klg
12696,kankanay-northern,xnn
12714,isnag,isd
12723,ilocano,ilo
127283,pogoro,poy
127397,innu,moe
12743,ifugao-amganad,ifa
12747,ibaloi,ibl
12750,ibanag,ibg
1276,kekchi,kek
127670,mundari-south-sudan,mqu
1277,garifuna,cab
12773,cuyonon,cyo
1278,plautdietsch,pdt
12784,cebuano,ceb
12791,chavacano,cbk
1280,aja-gbe,ajg
12801,bantoanon,bno
12808,balangao,blw
12815,blaan-sarangani,bps
12816,blaan-koronadal,bpr
12839,manobo-tagabawa,bgs
12840,giangan,bgi
12850,manobo-ata,atd
12853,aklanon,akl
12854,binukid,bkd
12869,kashubian,csb
12876,ukrainian,uk
12923,reunion-creole-french,rcf
1294,bariba,bba
1296,gourmanchema,gux
12961,romanian-sign-language,rms
1297,gun-gbe,guw
1299,fulfulde-benin-togo,fue
13002,balanta,ble
1304,fon-gbe,fon
1305,lukpa,dop
13063,kwatay,cwt
13070,jola-kasa,csk
13079,seselwa-creole,crs
1308,yoruba,yo
13084,sherbro,bun
13098,themne,tem
13110,limba-west-central,lia
1313,waama,wwa
13169,thai,th
131700,sidaama,sid
13172,sinhala,si
1318,ditammari,tbz
13183,madura,mad
13192,hainanese,nan-CN-46
13195,javanese,jv
132358,lughuru,ruf
1327,nago,nqg
13316,pijin,pis
1333,lama,las
1335,tem,kdh
1336,kabiye,kbp
13376,maay,ymm
1338,ife,ife
13408,xhosa,xh
1341,hausa,ha
13414,venda,ve
1342,gen-gbe,gej
1343,zarma,dje
1344,dendi-malanville,ddn
1345,anufo,cko
13465,sotho-northern,nso
134882,alis-i-ron,cla
1352,lepcha,lep
13555,acholi,ach
13562,arabic-sudanese-spoken,ar-apd
13567,avokaya,avu
13586,bari,bfa
13644,didinga,did
13664,lopit,lpx
13692,kakwa,keo
1370,nepali,npi
1371,magar-eastern,mgp
13719,katcha-kadugli-miri,xtc
13745,jur-modo,bex
1375,dzongkha,dz
13805,toposa,toq
13812,tira,tic
138284,sambalpuri,spv
13848,shilluk,shk
13876,ndogo,ndz
13889,moro,mor
13893,madi,mhi
13901,moru,mgd
139058,dinka-agar-bor,dib
139071,kikuro,kui
139072,dogose,dos
139080,lebanese-sign-language,jos
139081,bengali-indian,bn
139082,bangla-muslim,bn-BD
139089,tu-huzhu,mjg
139090,gyaazi,gji
139091,tacawit,shy
139094,kabeverdiane-barlavente,kea-CV-B
139104,tlicho,dgr
139111,mangghuer-wuge,mjg
139114,kurdi-sorani,ckb
139115,kurdi-sorani-eastern,ckb
139116,kiche-cunen,quc
139117,malagasy-antesaka,mg-tkg
139124,yaka-central-african-republic,axk
139126,yaka-d-r-c,yaf
139128,margi-south,mfm
139129,chuukese,chk
139131,chatgaya-chittagonian-hindu,ctg
139132,bouyei-anshun,pcc
139134,chibi-setentrional,rmq
139136,portuguese-mozambique,pt-MZ
139137,tasahlit,kab
13915,luwo,lwo
139153,antesaka,tkg
139154,birifor,bfo
139155,ndrulo,led
139156,thur,lth
139157,ehugbo,ig
139166,pattapu,ptq
139167,nethakani,te
139169,kurdi-hawrami,hac
139179,hakhun,nst
139181,arabic-gulf,ar-afb
139183,madi-okollo,snm
139185,ruruuli-runyala,ruc
139188,zhuang-central-hongshuihe,zch
139193,keakalo,khz
139202,waorani,auc
139205,aguna,aug
139226,ghotuo,ikh
139244,ayta-ambala,abc
139250,lampung-nyo,abl
139251,abanyom,abm
139273,achuar-shiwiar,acu
139319,angaataha,agm
139321,aghem,agq
139322,awajun,agr
139342,arosi,aia
139376,angal-heneng,akh
139397,alangan,alj
139411,yanesha,ame
139414,ambai,amk
139429,ansus,and
139476,apalai,apy
139498,arbore,arv
139511,dano,aso
139524,arhe,atg
139538,burun,bdi
139543,bende-tongwe,bdp
139544,burunge,bds
139554,benabena,bef
139568,awa-8,awb
139598,akuku,ayk
139601,ayoreo,ayo
139611,awing,azo
139635,babanki,bbk
139643,kulung,bbu
139661,awad-bing,bcu
139663,bana,bcw
139683,binandere,bhg
139684,bhilali,bhi
139693,bhele,bhy
139707,bora,boa
139741,fanamaket,bjp
139761,bekwel,bkw
139762,bilua,blb
139772,ayta-mag-indi,blx
139791,somba-siawari,bmu
139792,bum,bmv
139803,tawbuid-eastern,bnj
139817,mmen,bfm
139862,bankagooma,bxw
139885,bozo-tigemaxo,boz
139904,tchumbuli,bqa
139909,bandial,bqj
139916,bulusu,bqr
139945,oniyan,bsc
139961,baiso,bsw
139973,bateq,btq
139996,baelelea,bvc
139997,baeggu,bvd
140001,belanda-viri,bvi
140010,nivacle,cag
140021,tsimane,cas
140033,ede-cabe,cbj
140060,ashaninka,cni
140083,wamey,cou
140087,chamacoco,ceg
140126,cabecar,cjp
140162,andio,bzb
140166,bozo-jenaama,bze
140169,bisu,bzi
140196,andaandi,dgl
140205,dhimal,dhi
140225,dime,dim
140246,miao-chuanqiandian-cluster,cqd
140248,chara,cra
140297,gichuka,cuh
140356,dei,dee
140367,deori,der
140398,dongo,doo
140404,mosiye,dox
140409,dolpo,dre
140421,enggano,eno
140424,enwan,env
140434,ese-ejja,ese
140443,dogon-tommo-so,dto
140449,duna,duc
140487,teke-eboo,ebo
140520,markweeta,enb
140535,dogon-jamsay,djm
140549,dogon-mombo,dmb
140551,furu,fuu
140555,fwe,fwe
140558,gaddang,gad
140566,gata,gaq
140569,gadaba-mudhili,gau
14060,zigula,ziw
140614,fataleka,far
14064,zanaki,zak
140640,fore,for
140672,gao,gga
140675,gurgula,ggg
140740,glavda,glw
140770,gowlan,goj
140771,gowli,gok
140790,ghari,gri
14081,datooga,tcc
14084,pangwa,pbr
140853,hrangkhol,hra
140867,hadza,hts
140882,huitoto-murui,huu
14089,nyamwezi,nym
140893,hawaii-pidgin,hwc
140927,hatam,had
140928,oromo-eastern,hae
140932,halang,hal
140937,harari,har
140943,heiban,hbn
140948,miao-northern-qiandong,hea
140982,miao-central-mashan,hmm
140985,miao-southern-qiandong,hms
140994,hanunoo,hnn
141009,ifugao-mayoyao,ifu
141024,olulumo-ikom,iko
141025,ikpeshi,ikp
141031,ile-ape,ila
141060,yamdena,jmd
141066,mouwase,jmw
141073,kiviila,job
14108,ngindo,nnq
141085,iraya,iry
141113,ivatan,ivv
141124,yabem,jae
141128,jakun,jak
14115,ngulu,ngp
141153,jeh,jeh
141158,jere,jer
14117,ndamba,ndj
141173,jiamao,jio
141189,ajiya,idc
141199,akebu,keu
141202,kupia,key
141204,konda-dora,kfc
141227,krongo,kgo
141238,worodougou,jud
14124,mwera,mwe
141265,xaasongaxango,kao
141267,capanahua,kaq
141292,ukaan,kcf
141310,kutu,kdc
141311,mamusi,kdf
14132,kwaya,kya
141325,kerewe,ked
141333,kim,kia
141334,koalib,kib
141355,qanjobal,kjb
141359,zabana,kji
141363,kinnauri-pahari,kjo
141371,ikota,koq
141382,curripaco,kpc
141436,maskelynes,klv
141455,kamasau,kms
141513,kwaio,kwd
141515,kwaraae,kwf
141518,awa-cuaiquer,kwi
141528,kaba-naa-sara,kwv
141536,karo,kxh
14154,shambala,ksb
141560,tehit,kps
141566,kupsapiiny,kpz
141569,doromu-koki,kqc
14157,kagulu,kki
141574,koita-ga,kqi
141586,kandas,kqw
14159,kinga,zga
141597,sapo,krn
141602,karon,krx
141610,uare,ksj
141618,winye,kst
141620,kedang,ksx
141637,katu-eastern,ktv
141644,auhelawa,kud
14165,konongo-2,kcz
141653,kusaal,kus
141667,kuni-boazi,kvg
141691,label,lbb
141728,lumun,lmd
141734,hano,lml
141739,duya,ldb
141755,enlhet-2,enl
141767,lungga,lga
141771,wala,lgl
141789,lihir,lih
141796,col,liw
141801,lampung-api,ljp
14182,jita,jit
14183,zinza,zin
14187,iraqw,irk
141870,kenyah,xkl
14188,ikizu,ikz
141912,semelai,sza
14192,hehe,heh
141927,tugen,tuy
141928,turka,tuz
141931,ambrym-southeast,tvk
141934,taveta,tvs
141995,zhuang-yongnan,zyn
141998,zhuang-zuojiang,zzj
14201,haya,hay
142010,takia,tbc
142016,tagbanwa-calamian,tbk
14206,gogo,gog
142078,tawala,tbo
142121,uduk,udu
142134,sanga,xsn
142141,ketengban,xte
142146,mixtec-magdalena-penasco,xtm
142172,tanjijili,uji
142179,ukue,uku
142180,ndokwa-ukwuani,ukw
142183,olukwumi,ulb
142202,uneme-north,une
142214,kurumba-jennu,xuj
14226,sukuma,suk
142264,aokha,ema
142266,uripiv-wala-rano-atchin,upv
142286,usarufa,usa
142293,etulo,utr
142303,waghiri,vaa
142312,jaminawa,yaa
142332,subanen-eastern,sfe
142333,miao-small-flowery,sfm
142339,surgujia,sgj
142348,gbe-tofin,tfi
142353,tigak,tgc
14236,safwa,sbk
142360,tangoa,tgp
142372,vale,vae
142378,vaiphei,vap
142380,vanuma,vau
142394,vidunda,vid
142395,mayangna,yan
142418,sheko,she
14248,nyaturu,rim
142483,makhuwa,vmw
142491,ravula,yea
142505,gepo,ygp
142536,siar-lak,sjr
14254,matumbi,mgw
14255,matengo,mgv
142589,wondama,wad
14259,mambwe-lungu,mgr
14260,malila,mgq
142610,nisu-northern,yiv
142631,sika,ski
142642,seko-padang,skx
142646,sissala,sld
142647,sikkiligar,sle
142653,tharu-kathariya,tkt
142694,alagwa,wbj
14271,ndendeule,dne
14273,kwere,cwe
14274,kabwa,cwa
142753,selaru,slu
14277,bena,bez
142777,toba-maskoy,tmf
14278,bemba,bem
1428,quechua-north-bolivian,qul
142827,gbe-weme,wem
142830,weri-2,wer
142858,yareba,yrb
142869,sani-3,ysn
142878,noon,snf
142887,isangu,snq
142900,totonac-coyutla,toc
142905,tonga,toi
142907,totonac-papantla,top
142947,wolane,wle
14295,karen-pwo-eastern,kjp
142964,wambon,wms
142979,yukpa,yup
142985,yuracare,yuz
142986,yawa,yva
143000,temi,soz
143039,trinitario,trn
143058,we-northern,wob
143124,surui,sru
143147,waropen,wrp
143157,waskia,wsk
143169,wumvu,wum
143175,zaramo,zaj
143190,batui,zbt
143207,waata,ssn
143265,zhuang-nong,zhn
143268,zia,zia
143295,owa,stn
143300,silte,stv
143302,suena,sue
143311,tat-azeri,ttt
143321,tuyuca,tue
143322,tunia,tug
143339,malayic-dayak,xdy
143340,hdi,xed
143356,mbandja,zmz
143368,zapoteco-de-san-juan-comaltepec,zpc
143382,eshira-2,swj
143387,suau,swp
143400,majhi,mjz
143419,san-chi,mlc
143435,roviana,rug
143453,ndut,ndv
143459,orang-seletar,ors
143460,oriya-adivasi,ort
143465,ososo,oso
143469,ot-danum,otd
143475,otoro,otr
143488,manambu,mle
143494,kiwilwana,mlk
143497,malango-teha,mln
143501,toabaita,mlu
143542,lutos,ndy
143568,oyda,oyd
143573,pagabete,pae
14358,karen-pwo-omkoi,pww
143600,padoe,pdo
143610,saafi-saafi,sav
143624,agabag,sbr
143643,ngungwel,ngz
143668,pangwali,pgg
143690,sanggau,scg
143707,nahuatl-zacatlan-ahuacatlan-tepetzintla,nhi
143712,nahuatl-isthmus-pajapan,nhp
143731,lamatuka,lmq
143732,lamalera,lmr
143747,lango-south-sudan,lno
143751,lobi,lob
143753,yine,pib
143762,piapoco,pio
143768,pimbwe,piw
143789,meitei,mni
143810,naga-liangmai,njn
143827,lepki,lpe
143834,laro,lro
14384,khmer-northern,km-kxm
143846,palikur,plu
143851,paama,pma
14386,malay-pattani,ms-mfa
143861,sougb,mnx
143863,mwan,moa
143877,shekkacho,moy
143881,majang,mpe
143890,naga-khezha,nkh
143904,gela,nlg
143962,pinyin,pny
144002,kwasio,nmg
144017,nama,nmx
144034,levuka,lvu
144036,lewo-eleng,lwe
144042,lewo,lww
144064,folopa,ppo
144083,cheke-holo,mrn
144101,nyangatom,nnj
144116,nomane,nof
144134,persian-sign-language,psc
144156,mualang,mtd
144182,ewage-notu,nou
144210,manobo-western-bukidnon,mbb
144211,manobo-dibabawon,mbd
144214,manobo-ilianen,mbi
144228,mixtec-amoltepec,mbz
144251,puinave,pui
144252,punan-tubu,puj
144286,naga-sumi,nsm
144295,maquiritari,mch
144299,ese,mcq
144313,kroumen-pye,pye
144330,quechua-southern-pastaza,qup
144351,are,mwc
144370,tepehuan-northern,ntp
144390,quichua-tena-lowland,quw
144393,quechua-ambo-pasco,qva
144395,quichua-imbabura-highland,qvi
1444,afrikaans,af
144408,quechua-panao-huanuco,qxh
144409,quichua-salasaca-highland,qxl
144413,quichua-canar-highland,qxr
144425,mele-fila,mxe
144427,miju-mishmi,mxj
144455,namiae,nvm
144460,meyah,mej
144461,mekeo,mek
144465,mato,met
144471,bangka,mfb
144472,mba,mfc
144476,mandara-cameroon,mfi
144481,rade,rad
144489,rao,rao
144517,meen,mym
144528,ngada,nxg
144539,olunyole,nyd
144584,wichi-lhamtes-guisnay,mzh
144593,deg,mzw
144623,abureni,mgj
144630,mailu,mgu
144632,mbugwe,mgz
144693,okpe,oke
144701,oku,oku
144702,orokaiva,okv
144705,mochi,old
144716,digaro-mishmi,mhu
144740,luwu-tae,rob
144763,notsi,ncf
144765,nahuatl-northern-puebla,ncj
144766,nahuatl-michoacan,ncl
144776,ambae-east,omb
144792,ono,ons
144834,saluan,loe
144869,miao-eastern-qiandong,hmq
144882,sylheti,syl
144886,wa-vo,wbm
14509,tongan,to
1454,herero,hz
145459,aralle,atq
145530,icheve,bec
145621,ayizo-tori,ayb
145699,bali,ban
145845,bhojpuri-nepal,bho
145881,barka,bib
14629,kumyk,kum
14632,kabardian,kbd
146378,batak-alas,btz
146379,batak-kluet,btz
146749,basang,bzy
146764,lower-daga,dgz
14677,kumam,kdi
14692,gwere,gwr
14694,alur,alz
147081,blowo,dnj
14710,gungu,rub
147285,konta,dwr
14731,nyole,nuj
14749,mangbetu,mdj
147829,gondi-aheri,esg
14783,ukrainian-sign-language,ukl
1479,tswana,tn
14815,welsh,cy
14818,gaelic-scots,gd
148878,enuani,ibo
148910,malkangiri-koya,kff
149174,kalo-5,khz
149217,kope,kiw
149219,gibaio,kiw
149408,guina-ang-kalinga,knb
14970,tanna-north,tnn
149770,tembarissa,ktb
149957,nguna,llp
15013,tanna-southwest,nwi
150352,karunsie,xmz
150415,tairora,tbg
150571,tzutujil-western,tzj
15088,panare,pbh
1510,kalanga,kck
151150,sarlahi-tharu,thq
151261,makoma,sie
15161,arabic-sanaani,ayn
151767,bidayuh-jagoi,sne
151817,shanjo,toi
15210,poke,pof
15213,phende,pem
152162,zayse,zay
15220,omi,omi
15224,nyanga,nyj
152300,mawae,zia
15256,hema,nix
152629,nta,ndd
15269,ngbandi,ngb
15300,mongo-nkundu,lol
15329,mayogo,mdm
153360,western-lipo,lpo
153384,sihanaka-2,plt
153397,taa,pmf
153550,eastern-poqomchi,poh
153551,western-poqomchi,poh
153568,pattae,mqj
153673,bawean,mad
1538,kadiweu,kbc
15383,logo,log
153840,vajjika,mai
15395,lika,lik
154060,pulangiyen,mbb
154090,enrekang,ptt
154395,ikoma,ntk
15471,sengele,szg
15476,suku,sub
15480,songe,sop
154906,tambee,mzq
154958,provencal,oci
1552,jaruara,jaa
155279,omwunra-toqura,omw
15538,zimba,zmb
15548,hungana,hum
15551,hunde,hke
15557,hemba,hem
15559,havu,hav
155934,mupun,sur
15615,lendu,led
15622,lala,leb
15631,lamba,lam
15633,kwese,kws
15639,kituba,ktu
15642,kaonde,kqn
15653,kanyok,kny
156595,qena,alw
1566,hixkaryana,hix
15667,budza,bja
156811,lebanese-syrian-arabic,apc
1569,gaviao-do-jiparana,gvo
157289,ayizo-2,ayb
1573,yanomamo,guu
15739,nkoya,nka
157752,wakatobi,bhq
15796,soli,sby
158085,belleh,blh
1582,guajajara,gub
158608,brezhoneg,br
15865,nambya,nmq
158787,rinconada-bikol,bto
15882,avar,av
158871,bogghom,bux
158935,karina,car
158997,juni-kuin,cbs
159000,shawi-chayahuita,cbt
15903,comorian-shingazidja,zdj
159038,chamba-daka,ccg
15909,abidji,abi
1592,cubeo,cub
159392,chakfem,cky
159546,central-buang,bzh
15990,senoufo-cebaara,sef
159905,zokam-tedim,ctd
1604,matses,mcf
160430,ut-hun,uth
16048,guere-central,gxx
16052,dida-yocoboue,gud
160575,finallig,ebk
16064,guro,goa
16074,ebrie,ebr
1608,maxakali,mbl
16084,senoufo-djimini,dyi
16098,bete-gagnoa,btg
16103,bete-daloa,bev
16106,bete-guiberoua,bet
16107,baule,bci
16111,avikam,avi
16116,adioukrou,adj
16117,abure,abu
16120,biafada,bif
161504,toli-gbe-2,guw
16176,mai-brat,ayz
161859,bel,gdd
16214,nalca,nlc
162168,pontianak-hakka,hak
1624,kayabi,kyz
163136,kolami,kfb
163423,kalanguya,kak
163660,chikunda,kdn
163806,khiamniungan,kix
164090,tado,klw
164216,mangalorean-konkani,knn
164337,khandeshi-bhili,khn
16447,dani-western,dnw
164768,dongissa,ktb
16488,biak,bhw
164996,kilaangi,lag
16618,sunda,su
16628,tengger,tes
16639,indonesian-yesus,id
16640,osing,osi
16652,betawi,bew
1669,urubu-kaapor,urb
16695,malay-tenggarong-kutai,vkt
167552,chitwan-tharu,the
1676,kayapo,txu
16777,malay-kota-bangun-kutai,mqg
16781,maanyan,mhy
16805,lawangan,lbx
16827,banjar,bjn
168775,yandang,ynq
16883,malay-bukit,bvu
16891,malay-ambonese,ms-abs
16900,malay-north-moluccan,max
16906,loloda,loa
169287,nandeva,tpj
169301,tlapaneco-de-tlacoapa,tpl
16954,galela,gbi
16956,fordata,frd
169603,xinulajgsipij,tqt
1699,ticuna,tca
17028,tabaru,tby
17035,sula,szn
17040,sahu,saj
170534,bahasa-melayu-2,zlm
17075,modole,mqo
17110,ternate,tft
171233,uud-danum,otd
171395,kwamba,rwm
171627,oro-wari-2,pav
1720,sanuma,xsu
172218,dayak-ngaju,nij
17224,tetun-dili,tdt
17226,sumbawa,smw
17239,lamaholot,slp
17249,sasak,sas
17269,nage,nxe
17282,manggarai,mqy
17346,sabu,hvn
17365,banggai,bgz
173673,dulangan-manobo,mta
17373,buol,blf
173888,matsigenka,mcb
173946,pougouli,pug
17408,wolio,wlo
17423,tonsea,txs
17424,tomini,txm
17431,tombulu,tom
17432,tonsawang,tnw
17436,tontemboan,tnt
174473,quichua-pastaza,qvz
17462,muna,mnb
17467,mongondow,mog
17471,mandar,mdr
17492,ledo-ija,lew
17501,tolaki,lbw
17509,kaili-daa,kzf
175097,kau-bru,ria
175157,mambilla,mzk
17518,konjo-highland,kjk
175252,yinzebi,nzb
17547,talaud,tld
17556,selayar,sly
175683,dom,rmt
1759,xavante,xav
17601,duri,mvp
176089,arumanian,rup
176097,ndola,ndr
176144,mazagway-hidi,dkx
17616,mamasa,mqj
176243,bangla-2,bn
17626,cia-cia,cia
176313,ao,njo
176424,tsamakko,tsb
17645,bugis,bug
17655,bajau-indonesian,bdl
176708,phom,nph
176838,lokpa,dop
17688,aceh,ace
17689,batak-angkola,akb
176906,cook-islands-maori,rar
17695,minangkabau,min
177210,kachhi-gujerati,gjk
17732,lubu,lcf
17739,kerinci,kvr
17752,komering,kge
17753,malay-jambi,jax
17757,kaur,vkk
17760,serawai,ms-pse-x-Serawai
177626,ichen,ich
17769,rejang,rej
17773,pasemah,ms-pse
17774,palembang,mui
17785,ogan,ms-pse-x-Ogan
17797,mentawai,mwv
178026,pyam,pym
178043,khmer-standard,km
17807,gayo,gay
17813,batak-karo,btx
17814,batak-simalungun,bts
17815,batak-mandailing,btm
17818,batak-toba,bbc
17820,dungan,dng
179189,eastern-garame,acz
179190,western-garame,acz
179212,utukwang,afe
1794,parecis,pab
1795,wayampi-amapari,oym-x-Amapari
1796,wayampi-oiapoque,oym-x-Oiapoque
179655,tiyaa,tyy
180517,southern-gondi-adilabad,wsg
180999,eda,kad
181020,tali-2,kbn
181477,enxet,enx
1816,nambikuara-southern,nab
181696,okpella,atg
181949,vasavi-kolche,vas
1821,munduruku,myu
18259,mongolian-halh,mn
183121,kortha,mai
18321,buriat-russia,bxr
18379,yakut,sah
184451,gaita-koitor,fmu
184452,kwamashi,mho
184455,romani-balkan-romania,rmn
184462,kokoda-k-ainake,hkk
184464,kok-borok-bangladesh,tpe
184467,kuvi-odisha,kxv
184472,cofan,con
184475,parakana,pak
184479,goan-konkani,gom
184480,bai-lama,lay
184483,wampis,hub
184484,kurdish-afrini,kmr
184485,iten,etx
184486,bareli-pawri,bfb
184487,mahasu-pahari,bfz
184489,yao-tanzania,yao
184494,makonde-tanzania,kde
184495,arabic-modern-standard-sharif,ar-arb
184496,kisan,xis
184497,tarifit-arabic-based-script,rif
184498,tarifit-latin-based-script,rif
184499,bado-parja,bdv
18450,bashkir,ba
184500,ilchamus,saq
184501,kechwa-san-martin,qvs
184502,mundu,muh
184504,hlai-has,lic
184505,makhau-tanzania,vmw
184506,hani-haya,hni
184509,sama-mum,ndi
184510,ngonde,nyy
184511,kwangwa,lyn
184512,tehl,mtl
184513,ellomwe,lon
184515,chinese-hokkien-amoy,nan
184517,hawaiian-nihau,haw
184519,san-andres-islander-creole,icr
184521,saho-eritrea,ssy
184528,odiya,ory
184529,qashqai,qxq
184531,arabic-bedouin,avl
184537,od-rajput,odk
184541,dibali,bcp
184546,tangsa-kimsing,nst
184547,idioma-wanca,qvw
184548,gutob-gadaba,gbj
184549,idaasha,idd
184550,aikana,tba
184557,poumai-naga,pmx
184566,indonesian-isa,id
184571,palamua,kwx
184573,kuvale,olu
184583,amam,bcu
184584,nkim-nkum,isi
184585,kakataibo,cbr
184586,kandoozi,cbu
184588,pomeranian-brazilian,nds
184591,arabic-najdi,ars
184592,arabic-hijazi,acw
184596,godie,god
184626,lik,eip
184627,arabic-taizzi-yemeni,ar-acq
184629,nyamboa,nwb
184630,nghlawa,kga
184631,abanglekuo,bzy
184632,obe-nrung-ene,afe
184646,malinke-kenieba,mlq
184647,malinke-kita,mwk
184659,north-gumuz,guk
184660,south-gumuz,guk
184662,tzeltal-tenejapa,tzh
184668,agusan-surigao-manobo,msm
184691,tidung-southern,itd
184701,jamaican-patwa,jam
184801,gavva,gdf
184810,thradhri-kohli,kxp
184811,oadki,odk
184814,dagbanli,dag
184815,maram-naga,nma
184818,kaakye,kye
184819,penang-hokkien,nan
184820,pashto-eastern-afghan,pbu
184827,tsimanex,cas
184828,guarani-western-bolivian,gnw
18483,erzya,myv
184831,mephaa-de-huitzapula,tcf
184832,mixteco-potoichan,mim
184833,mixteco-cuquila-ocotepec,mie
184842,ibaas-icen,cen
184843,fali-south,fkk
184844,fali-north,fli
184845,bugkalot,ilk
184846,ache-2,guq
184847,bakwe,bjw
184848,arabic-libyan,ar-ayl
184849,satere-mawe,mav
184853,mephaa-de-acatapec,tpx
184854,burmese-standard,mya
184855,burmese-common,mya
18487,moksha,mdf
18489,mari-low,mhr
184901,kimpokomu,pkb
184902,saptari,thq
184903,bara-tharu,thq
184907,bajureli,npi
184911,javanese-banyumasan,jav
184917,beja-bidhaawyeet,bej
184922,awadhi-nepal,awa
184924,santhali-nepal,sat
184933,limba-tonko-sella,lia
184936,balangin-indo,knx
184939,maithili-nepal,mai
184943,ngombe-south,ngc
184944,ngombe-north,ngc
184990,kobo,okc
185002,kutia,ort
185003,davik-kui,dwk
185021,english-british,eng
185058,bugis-soppeng,bug
185061,doti-doteli,dty
185063,dangali-tharu,thl
185078,tajpuriya,rjs
18509,lak,lbe
185129,ruwila,rwl
18518,balkar,krc
185190,sunda-alus,sun
185191,sundanese-banten,sun
185193,nusa-penida,ban
185194,ledo-taa,lew
185195,tontemboan-makelai,tnt
185197,iranun-western,ilp
185198,iranun-eastern,ilp
185199,asante-twi,aka
185207,siddi,kan
18521,komi-zyrian,kpv
185210,gilaki-rashti,glk
185211,uyghur-central-asia,uig
185219,assamese-muslim,asm
185221,english-african,eng
185226,obamba,mdt
185227,kinyamulenge,kin
185228,kenyah-badeng,xkl
185230,lipovan,rus
185232,daani,bmq
185234,gisir,swj
185246,dogon-togo-kan,dtk
185249,sengwer,enb
185251,ikhin,ikh
185254,uneme-south,une
185256,bru-van-kieu,bru
185257,saraiki-megwhal,skr
18528,komi-permyak,koi
185328,sindhi-sansi,ssi
185329,heiyi-zhuang-minz,zgm
185330,wana-taa,pmf
185332,traditional-japanese,jpn
185333,zhuang-dejing,zyg
185334,ribeirinho,por
185335,tigwahanon-manobo,mbt
185337,talaandig-manobo,bkd
185338,tinonanon-manobo,obo
185339,umajamnon-manobo,msm
185340,langilan-manobo,atd
185345,visualvernacular,ase
185354,bouyei-qianxi,pcc
185355,arabic-khuzestani,acm
185359,yao-baiku-naogelao,bwx
18555,ingush,inh
18574,chuvash,cv
18606,udmurt,udm
18617,tabassaran,tab
18634,nogai,nog
1869,rikbaktsa,rkb
18698,aukaans,djk
18715,saramaccan,srm
1872,brazilian-sign-language,bzs
1873,bororo,bor
1884,bakairi,bkq
1889,apurina,apu
1890,apinaye,apn
18922,zuni,zun
19002,tiwa-northern,twf
19097,navaho,nv
19171,american-sign-language,ase
1918,lundayeh,lnd
19191,muong,mtq
19200,mnong-rlam,mng
1924,iban,iba
19241,koho,kpm
1927,malay,ms
19317,roglai-northern,rog
1935,gagauz,gag
19372,cham-eastern,cjm
19391,bahnar,bdq
1942,turkish,tr
1944,russian-sign-language,rsl
19468,awutu,afu
19495,yaka,axk
19504,yemba,ybb
19508,bassa,bsq
19518,bench,bcq
19521,pamona,pmf
1953,romani-balkan,rmn
19537,bima,bhp
19547,bada,bhz
19558,kom,bkm
19560,bakumpai,bkr
19571,bembe,bmb
19581,bolewa,bol
19594,bodo,brx
19606,bukusu,bxk
19610,buli,bwu
19617,bali-madya,ban
1964,bulgarian,bg
19652,dimasa,dis
19669,ende,end
19685,gadsup,gaj
19689,gbanu,gbv
19705,galician,gl
19716,gorontalo,gor
19720,guahibo,guh
19725,golin,gvf
19733,igiha,haq
19738,hiligaynon,hil
19739,halbi,hlb
19747,hre,hre
19759,ila,ilb
19766,cirebon,jv-x-Cirebon
19767,javanese-banten,jv-ID-BT
19800,khandesi,khn
19803,kele,khy
19822,dera,kna
19854,kuman,kue
19877,karang,kzr
19884,lango-uganda,laj
19898,lenje,leh
19908,lisu,lis
19912,rampi,lje
19922,loko,lok
19936,luo,luo
19951,mada,mda
19953,mbala,mdp
19985,malayalam,ml
19988,mawchi,mke
2000,tamasheq-kidal,taq
20007,mono,mnh
20010,mon,mnw
20025,mamuju,mqx
2005,soninke,snk
20061,naasioi,nas
20070,ndali,ndh
20077,ngombe,ngc
20084,chingoni,xnj
20089,nias,nia
20117,giryama,nyf
20118,ama,nyi
20138,pagoe,pgu
20163,bambam,ptu
2018,samo,sbd
20196,sakata,skt
20199,sangu,sbp
20208,shughni,sgh
2021,nuni-southern,nnw
20211,karanga,sn-kth
20223,slavey,xsl
20248,siang,sya
20259,tondano,tdn
20269,tharaka,thk
20270,tunjung,tjg
2028,moore,mos
20285,toma,tod
2029,moba,mfq
20293,tswa,tsc
20318,vwanji,wbi
20324,maiwa,wmm
20332,wasa,wss
2035,lyele,lee
2045,kusaal-western,kus
2046,koromfe,kfz
20521,dhopadhola,adh
20522,adygey,ady
20526,albanian,sq
20528,albanian-kosovar,sq-aln
20531,arabic-chadian-spoken,ar-shu
20533,arabic-egyptian-colloquial,ar-arz
20538,arabic-north-african,ar-aao
20547,arabic-tunisian,ar-aeb
20550,armenian-western,hy-arevmda
20551,assyrian,aii
20581,bosnian,bs
20587,bundel-khandi,bns
20592,chaldean,cld
20601,cantonese,yue
20611,hakka,hak
20615,mandarin-china,zh
2062,gurenne,gur
20623,shanghainese,wuu
20627,xiang,hsn
20631,guarani-bolivian-eastern,gui
20637,trukese,chk
20644,dargin,dar
20651,dogri,dgo
20654,dusun,dtp
20662,fanakalo,fng
20665,fijian,fj
2067,cerma,cme
20675,luganda,lg
20679,kikuyu,ki
20693,guyanese-creole,gyn
20696,hadothi,hoj
20717,itawis,itv
2073,bobo-madare-southern,bwq
20730,kikamba,kam
20736,ngakarimojong,kdj
20738,karai-karai,kai
2074,bwamu-laa-laa,bwj
2075,bambara,bm
20750,kru,klu
20753,konso,kxc
20754,kikongo,kng
20770,kurmanji-standard,ko-kmr
20777,lambadi,lmn
20785,luragoli,rag
20789,tai-lue,khb
20790,tshiluba,lua
20791,kiluba,lu
20794,wanga-luhya,lwg
20796,macedonian,mk
20805,tsimihety,xmw
2081,bomu,bmq
20814,mewari,mtr
20815,lumasaba,myx
20824,kimeru,mer
20830,atitlan-mixe,neq
20842,nagamese,nag
20843,aztec-nahuatl-guerrero,ngu
20849,kinandi,nnb
20851,ndebele-northern,nd
20852,ndebele-southern,nr
20857,chichewa,ny
20859,runyankole,nyn
20861,runyoro,nyo
20863,desia,dso
20871,kapampangan,pam
20880,pohnpeian,pon
20896,kirundi,rn
20899,central-asian-russian,ru-143
20900,kinyarwanda,rw
20902,sadani,sck
20905,sambal,xsb
20908,sangihe,sxn
20917,minianka,myk
20919,mashi,shr
20926,lusoga,xog
20944,kambera,xbr
20947,siswati,ss
20963,ateso,teo
20964,teso-kenyan,teo
20965,otetela,tll
20967,isan,tts
20969,thai-southern,th-sou
20977,mephaa,tcf
20983,gitonga,toh
20984,tonga-zambezi,toi
20989,tsishingini,tsw
21002,wewewa,wew
21012,mayan,yua
21027,romani-kalderash-western,rmy-kal
21028,spanish-latin-american,es
2104,jula,dyu
21046,spanish-castilian,es-ES
21061,arabic-iraqi-baghdadi,ar-acm
21064,portuguese-portugal,pt-PT
21094,tonga-malawi,tog
21096,kurmanji-cis,kmr
21118,thai-northern,th-nod
21120,hiri-motu,ho
2116,fulfulde-jelgoore,fuh
21197,kreol-mauricean,mfe
21199,kalaallisut-greenlandic,kl
21205,ejagham-western,etu
21211,hui,czh
21231,sranan-tongo,srn
21236,ogoni,ogo
21247,toraja,sda
21248,makasar,mak
2145,cham-western,cja
21554,altai,alt
21577,bedamuni,beo
21578,flemish,nld
2159,mnong-central,cmo
21637,pak-pak-dairi,btd
21661,kachchhi,kfr
21662,pao,blk
21674,chatgaya-chittagonian-muslim,ctg
2173,kuy,kdt
21740,itsekiri,its
21753,chinese-traditional,zh-hant
21754,chinese-simplified,zh-hans
21773,kayan,pdu
21795,lhasa-tibetan,bo
21963,bijago,bjg
22094,shui,swi
22098,yao-iu-mien,ium
22100,bicolano,bcl
22176,nigerian-pidgin-english,pcm
22193,ngas,anc
22194,tchien-krahn,kqo
22195,kiyombe,yom
22196,kisanga,sng
22197,dagaari-northern,dgi
22203,lubwisi,tlj
22205,jukun,juk
22293,inner-mongolian,mvf
22334,romani-caldarasi,rmy
22335,crimean-tatar,crh
22379,kintandu,ndl
22439,kafa,kbr
2249,yamba,yam
22499,jorai,jra
22500,vietnamese-northern,vi-x-Northern
22563,urdu-indian,urd
22564,nyishi,njz
2261,pidgin-cameroon,wes
22640,sara,mwm
22645,higgi,hig
22651,gbeya,gbp
22652,kilega,lea
22658,arabic-modern-standard,ar
22679,kendayan-kanayatn,knx
22682,dangi,dhn
22684,dersim-zazaki,kiu
22685,deccani,dcc
2281,tupuri,tui
22812,a-hmao,hmd
22819,ge,hmj
22826,hmong-shuad,hmz
22838,li-qi,lic
22839,lipo-eastern,lpo
22842,miao-huishui-northern,hmi
22847,nasu-eastern,ywq
2285,tiv,tiv
22863,suodi,ii
22909,kasem-burkina-faso,xsm
22910,kasem-ghana,xsm-GH
22928,nosu-tianba,iii
22929,nosu-yinuo,iii
23017,horned-miao,hrm
23019,li-bendi,lic
2303,ngambay,sba
23033,foochow,cdo
23044,lhao-vo,mhx
23047,sharchogpa,tsj
23061,chinese-yunnan-kunming,zh-CN-53-x-Kunming
23062,chinese-sichuan,zh-CN-51
23075,teochew,nan-x-Teochew
23089,amdo-tibetan,adx
23135,tzeltal-tenango,tzh-x-Tenango
23154,lokaa,yaz
23156,english-north-american-indigenous,en-nai
23178,swahili-tanzania,sw
23179,swahili-kenya,sw-swh-KE
23180,zhuang-northern-yongbei,zyb
23181,zhuang-northern-hongshuihe,zch
23192,antandroy,mg-tdx
23196,masikoro,msh
23221,mandarin-taiwan,zh-Hant-TW
23225,khampa-eastern,khg
23226,rajbangsi-india,rjs
23250,bishnupriya,bpy
23258,dungra-bhil,duh
2329,mbembe-tigon,nza
2331,lamnso,lns
23313,rathawi,rtw
23316,surjapuri,sjp
23325,buksa,tkb
23326,yerukula,yeu
23330,angika,anp
23342,dubli,dub
23388,swahili-congo,sw-swc
23403,panchpargania,tdb
2344,ngomba,jgo
2348,ngiemboon,nnh
23491,chokwe-congo,cjk-CD
23492,chokwe-angola,cjk
23511,balanta-ganja,bjt
23514,basque,eu
23520,kono-sierra-leone,kno
23524,zande-drc,zne
23525,zande-south-sudan,zne-Sd
23526,tigrinya-eritrea,ti
23528,tok-pisin,tpi
23548,rajbanshi-nepal,rjs-NP
23549,kayah-li-western,kyu
23563,karbi,mjw
23569,kuki,tcz
2357,ngombale,nla
23578,mizo-lushai,lus
2363,nzanyi,nja
2364,noone,nhu
23692,kulvi,kfx
23714,tharu-dangaura,thl
23743,luri-luristan-province-iran,lrc
23797,sadri-oraon,sdr
23800,mardini,ar-ayp
23874,clela,dri
23920,fulfulde-western-niger,fuh
23922,mofu-gudur,mif
23924,cogui,kog
23926,grebo-northern,gbo
23936,tzeltal-oxchuc,tzh
23941,asheninca-pichis,cpu
23979,manjaku,mfv
23981,lugbara,lgg
23992,mixteco-monte-verde,xtn
24000,korean-north,ko-x-North
24007,mixteco-terroro-venado,mxv
24010,basa,bzw
24012,songai-timbuktu,khq
24014,fulfulde-adamawa,fub
24018,fang-equatorial-guinea,fan
24019,fang-gabon,fan-GA
24024,khmer-central-m,km-khm
24038,fulfulde-caka-nigeria,fuv
24043,rai-bantawa,bap
24068,sunuwar,suz
24091,budu-nita,buu-x-Nita
24092,budu-koya,buu-x-Koya
24095,iyansi,yns
24096,chinese-qinghai,cmn
24120,sakalava-analalava,skg-x-Analalava
24121,sakalava-besalampy,skg
24140,nyiramba,nim
24141,vunjo-chagga,vun
24142,mashami-chagga,jmc
24145,suryoyo,tru
24156,samarkand-tajik,tg-x-Samarkand
24161,tsuvadi,tvd
24173,adi,adi
24177,mising,mrg
24211,lio,ljl
24216,zing,mzm-x-Zing
24218,jama-mapun,sjm
24223,chasu-pare,asa
24235,sama-bangingi,sse
24249,santali-india,sat
24263,rohingya,rhg
24267,dinka-northeastern-padang,dip
24273,dinka-rek,dik
24293,burmese-musselmani,my
24295,ndruna,niy
2430,muyang,muy
24309,tajik,tg
24314,manado,xmm
24340,garasia-adiwasi,gas
24341,garasia-rajput,gra
24343,dhundari,dhd
24359,kalagan-eastern,kqe-x-Eastern
24360,kalagen-western,kqe-x-Western
2440,mundani,mnf
24409,galo,adl
2441,mumuye,mzm
24410,marakwet,enb
24413,maninka-konyanka,mku
24416,shekhawati,swv
24433,southern-nisu,nsd
2449,musgu,mug
2453,mundang,mua
2485,mungaka,mhk
2518,gbaya-southwest,gso
2530,makaa,mcp
2538,masana,mcn
2556,mafa,maf
2561,peve,lme
2565,limbum,lmp
2590,kuteb,kub
25916,bai-southern,bfs
25919,bareli-rathwi,bgd
25991,cherepon,cpn
2614,kanuri-yerwa,knc
26152,mango,mge
26162,mixtec-ayutla,miy
26184,inor,ior
26248,dogon-tomo-kan,dtm
26270,fernando-po-creole-english,fpe
26302,quechua-margos-yarowilca-lauricocha,qvm
26359,sirmauri,srx
26378,teke-tege,teg
2639,kako,kkj
2641,kuo,xuo
26416,ngbandi-ngiri,nbw
26419,nahuatl-central-huasteca,nch
26497,yom,pil
26664,malagasy-northern-betsimisaraka,mg-bmm
26816,ede-ica,ica
26862,takwane,tke
26934,zapotec-san-pedro-quiatoni,zpf
26972,malagasy-tanosy,mg-txy
27039,quechua-eastern-apurimac,qve
2713,ewondo,ewo
27145,dogon-toro-so,dts
27147,fa-dambu,fab
27152,ga,gaa
27157,qiang-southern,qxs
27226,malagasy-southern-betsimisaraka,mg-bzc
27261,lolo,llb
27269,ninzo,nin
2728,efik,efi
2745,gbaya-northwest,gya
2754,giziga-south,giz
2788,bokyi,bky
28054,bangjinge,bsj
28132,bette,btt
2819,bafut,bfd
2854,duala,dua
2865,daba,dbq
2871,medumba,byv
2884,bulu,bum
2894,akoose,bss
2908,ghomala,bbj
2912,bamun,bax
2923,basaa,bas
2993,german-pennsylvania,pdc
3001,ojibwa-western,ojw
3076,inuktitut-eastern-canadian,ike
3087,cree-western,crk
3099,chilcotin,clc
3105,blackfoot,bla
3122,yakpa-1,bjo
3144,yakoma,yky
3156,sango,sg
3161,nzakara,nzk
3171,mandja,mzv
3191,kaba,ksp
3207,mpyemo,mcx
32122,migili,mgi
32807,jenjo,jen
3299,daza,dzg
351,brahui,brh
353,balochi-western,bgn
3531,masalit,mls
3534,marba,mpg
355,azerbaijani-iran,azb
3645,kanembu,kbl
3667,fulfulde-bagirmi,fui
3697,achang,acn
371,kazakh,kk
3710,zaiwa,atb
3712,akha,ahk
3717,dongnu,bwx
3732,nosu-shengzha,iii
374,pashto-yusufzai,pbu
37411,ishinyiha,nih
37552,nangjere,nnc
3786,daur,dta
3787,dong-northern,doc
3792,cun,cuq
3794,lahu,lhu
3803,dong-southern,kmc
3804,korean,ko
3816,khakas,kjh
3817,khmu,kjg
38242,arabic-juba,pga
3832,kalmyk-oirat,xal
3887,vietnamese,vi
3888,uzbek-northern,uzn
389,sindhi,sd
3892,tuvin,tyv
3910,tai-nua,tdd
3924,salar,slr
3929,sherpa,xsr
3933,dongxiang,sce
3934,russian,ru
3936,palaung-rumai,rbb
3948,bai,bca
3957,palaung-pale,pce
3960,bouyei,pcc
3964,lingao,onb
3974,naxi,nxq
3976,haniq-beeqhongq,how
4012,hmong-daw,mww
4031,maonan,mmd
4045,lashi,lsi
406,uzbek-southern,uzs
407,urdu,ur
4088,jingpho,kac
410,uyghur,ug
4101,zhuang-liujiang,zlj
411,tatar,tt
41117,letuama-tanimuca,tnc
4148,yucuna,ycn
4178,piaroa,pid
4181,paez,pbb
4187,waumeo,noa
420,turkmen,tk
42106,manga,kby
4230,guambiano,gum
4232,wayuu,guc
4246,embera-catio,cto
4247,colombian-sign-language,csn
4250,koreguaje,coe
427,nawary,rmt
4276,beembe,beq
4295,vili,vif
4309,teke-central,TEC
4310,ipunu,puu
4312,njebi,nzb
43229,gojri,gju
4327,ngbaka,nga
4334,munukutuba,mkw
4336,mbosi,mdw
4343,lobala,loq
4344,lingala,ln
4350,laadi,ldi
4360,bangi,bni
4394,costa-rican-sign-language,csr
4415,italian,it
4432,czech,cs
4450,romani-carpathian,rmc
4451,polish,pl
4454,danish,da
4455,faroese,fo
4466,somali,so
4468,afar,aa
4472,lesser-antillean-creole-french,gcf
4473,haitian-creole,ht
44748,rigwe,iri
448,karakalpak,kaa
4481,quichua-highland-chimborazo,qug
4499,shuar,jiv
450,hazaragi,haz
4501,chachi,cbi
4532,arabic-saidi-spoken,ar-aec
4547,krio,kri
4575,tigre,tig
4576,tigrinya-ethiopia,ti-ER
4585,kunama,kun
4593,blin,byn
4601,estonian,et
4633,dawro,dwr
4634,gofa,gof
4635,gamo,gmv
4644,sidamo,sid
4655,kambaata,ktb
4656,koorete,kqy
4665,yemsa,jnj
4667,hadiyya,hdy
4676,gurage-west,sgw
46771,punjabi,pa
4684,gurage-sodo,gru
4694,dirasha,gdl
4695,oromo-west-central,gaz
46969,rukuba,ruk
4699,guji,gax
4700,oromo-borana-arsi-guji,gax
4704,gedeo,drs
4724,xamtanga,xan
4734,wolaytta,wal
4739,suri-tirmaga-chai,suq
47429,chitembo,tbt
4752,nuer,nus
4764,murle,mur
4767,malo,mfx
4768,male,mdy
4779,basketto,bst
4790,anuak,anu
4791,amharic,am
4792,hamer-banna,amf
4793,alaba,alw
4797,aari,aiw
4812,kiribati,gil
4820,finnish,fi
4823,swedish,sv
483,greek,el
4835,karelian,krl
49141,buurak,bys
49145,western-carib,car
494,kabyle,kab
4940,javanese-caribbean,jvn
4950,tahitian,ty
496,french,fr
50087,kifuliiru,flr
50165,chamling,rab
5019,tsogo,tsv
5038,mansoanka,msw
5040,mandinka,mnk
5042,mankanya,knf
5048,fulfulde-pulaar,fuc-x-Fulfulde
5050,fulacunda,fuc
5058,serere-sine,srr
5059,crioulo-upper-guinea,pov
5069,jola-fogny,dyo
507,tachelhit,shi
5074,abkhaz,abk
5076,mingrelian,xmf
50836,adangme,ada
5089,osetin,os
5112,georgian,ka
512,tamazight-central-atlas,tzm
5130,yiddish,ydd
5166,gikyode,acd
51689,pipero,pip
5170,ahanta,aha
5171,ntcham,bud
5173,birifor-southern,biv
5174,bimoba,bim
5183,fulfulde-maasina,ffm
5187,gonja,gjn
5188,dagaari-southern,dga
5206,sisaala-tumulung,sil
5209,pasaale,sig
5210,sehwi,sfw
5213,nzema,nzi
5220,nawdm,nmz
5224,kulango-bouna,nku
5228,nafaanra,nfr
5232,chumburung,ncu
5240,mampruli,maw
525,arabic-algerian-spoken,ar-arq
5251,lelemi,lef
5257,kulango-bondoukou,kzc
5261,kusaal-eastern,kus
5276,wali,wlx
5279,vagla,vag
5288,fante,fat
529,english,en
5291,tampulma,tpm
5296,akposo,kpo
530,samoan,sm
5302,konkomba,xon
5303,konni,kma
53095,namwanga,mwn
531,catalan-valencian-balear,ca
5319,hanga,hag
53287,dhivehi,dv
53297,tetun-belu,tet
53298,karnali,jml
53299,kyrgyz,ky
53300,fiji-hindi,hif
5331,ewe,ee
53312,ywom,gek
53313,mgbolizhia,gmz
53321,balanta-naga,ble-x-Naga
53326,dendi-djougou,ddn
53327,khoekhoegowab,naq
5333,anyin,any
53330,bacama-bwatiye,bcy
53333,kurdi-behdini,kmr
53345,levantine-turkmen,tuk
53346,mro,cmr
53347,arabic-palestinian,ar-ajp
53352,chinese-guiliu,zh-x-Guiliu
53355,dadeldhureli,dty
53370,songhay-gao,ses
5338,adele,ade
53389,awgni,awn
53392,takuu-nakumanu,nho
53394,jola-felupe,eja
53395,dijim-cham,cfa
53400,dari,prs
53401,kinyakyusa-tanzania,nyy
53402,zul,plj
53403,obo-manobo,obo
53409,djola-bayote,bda
53417,senoufo-tagbana,tgw
53418,fur,fvr
53421,carib-eastern,car-x-Eastern
53422,otuho-lotuko,lot
53423,lis-ma-ron,cla
53424,french-african,fra
53430,kuna,cuk
53431,kabuverdianu-sotaventu,kea
53432,kolokuma-izon,ijc
53433,ngbugu,lnl
53434,banda-linda,liy
53435,bhogoto,bdt
53438,syriac,syc
53441,arabic-modern-standard-egyptian,ar-arb-EG
5379,chamorro,ch
5392,cakchiquel-western,cak
5397,cakchiquel-eastern,cak
5398,quiche-joyabaj,quc
5399,quiche-central,quc
5408,mam-central,mam-x-Central
5410,mam-tajumulco,mam-x-Tajumulco
5415,jacalteco-western,jac
5420,ixil-nebaj,ixl
5425,quiche-west-central,quc
5427,mam-northern,mam
5428,acateco,knj
5431,uspanteco,usp
5433,tzutujil-eastern,tzj
5437,cakchiquel-south-central,cak
5439,cakchiquel-central,cak
5441,achi-rabinal,acr
5446,papel,pbo
545,kongo-san-salvador,kwy
5450,maninka,emk
5456,kpelle-guinea,gkp
5459,fuuta-jalon,fuf
5462,dan,dnj
5468,yalunka,yal
547,kwangali,kwn
5470,susu,sus
5472,mano,mev
548,kwanyama,kj
5481,kissi-northern,kqs
5485,kuranko,knk
5500,warao,wba
5511,hindi-caribbean,hns
5527,miskito,miq
554,luvale,lue
5541,serbian,sr
5545,slovak,sk
5546,romanian,ro
555,luchazi,lch
5563,icelandic,is
5603,awadhi,awa
5611,braj-bhasha,bra
5612,bazigar,bfr
5613,badaga,bfq
5625,kangri,xnr
564,umbundu,umb
5647,churahi,cdj
5648,chodri,cdi
5652,chambeali,cdh
5667,bhojpuri,bho
5671,bhadrawahi,bhd
569,kimbundu,kmb
5695,bhili,bhb
5696,bharia,bha
5697,bhatri,bgw
5699,bagri,bgq
570,mbukushu,mhw
5700,balochi-eastern,bgp
5703,bauria,bge
5709,haryanvi,bgc
573,lunda,lun
5766,wagdi,wbr
5767,waddar,wbq
5771,varli,vav
5772,vasavi,vas
580,yaka-drcongo,yaf
581,xun,xuu
5829,tulu,tcy
583,ruund,rnd
584,portuguese-brazil,pt
5848,telugu,te
5871,tamil,ta
5872,tamang-eastern,taj
5879,sora,srb
588,nyaneka,nyk
5907,saraiki,skr
5918,shina,scl
5920,saurashtra,saz
5930,rawang,raw
5934,rabha,rah
5935,mirgan,zrg
5949,panjabi-western,pnb
5956,pengo,peg
5960,pardhi,pcl
5961,chin-paite,pck
5967,duruwa,pci
5968,pardhan,pch
5969,paniya,pcg
5973,pnar,pbv
6007,tangshang-shecyu-cyamcyang,nst
6029,nimadi,noe
6044,naga-tangkhul,nmf
6071,naga-angami,njm
6079,naga-lotha,njh
6093,newari,new
6108,naga-rongmei,nbu
6110,naga-mao,nbi
6144,naga-konyak,nbe
616,aymara-central,ayr
6171,malvi,mup
6174,marathi,mr
6178,maria,mrr
6186,magahi,mag
6199,maithili,mai
6209,marwari,rwr
6210,mal-paharia,mkb
622,kaiwa,kgk
6222,sauria-paharia,mjt
623,guarani-mbya,gun
6242,mandeali,mjl
6259,limbu,lif
6271,ladakhi,lbj
6275,kuvi,kxv
6278,kui,kxu
6282,koraku,ksz
6298,kashmiri,ks
6318,kannada,kn
6326,kharia,khr
633,quechua-south-bolivian,quh
6330,ahirani,ahr
6353,kumauni,kfy
6362,kanjari,kft
6363,bilaspuri,kfs
6370,korku,kfq
6372,korwa,kfp
6383,kinnauri,kfk
6400,koya,kff
6414,kukna,kex
6425,juray,juy
6426,juang,jun
6428,jaunsari,jns
644,mapudungun,arn
6440,irula,iru
646,armenian,hy
6463,chhattisgarhi,hne
6464,hindi,hi
6465,hmar,hmr
6485,gurung,gvr
6511,gondi-northern,gno
6532,garhwali,gbm
6533,gamit,gbl
6535,gaddi,gbk
6548,dhodia,dho
6558,maria-dandami,daq
6596,kathiyawadi,gu-x-Kathiyawadi
6600,gujarati,gu
6631,kanauji,bjj
6642,bhattiyali,bht
6648,bagheli,bfy
6654,balti,bft
6679,balochi-southern,bcc
6707,gilaki,glk
6788,farsi-western,fa
6793,mazanderani,mzn
6800,bakhtiari,bqi
6884,gaelic-irish,ga
689,azerbaijani-north,azj
6930,hebrew,he
6934,bukharian,bhh
6975,sardinian-logudorese,src
7083,japanese,ja
7090,japanese-sign-language,jsl
7103,okinawan-central,ryu
7138,jordanian-sign-language,jos
7139,chechen,ce
7164,embu,ebu
7166,duruma,dug
7176,digo,dig
7186,kuria,kuj
7222,suba,sxb
7227,sabaot,spy
7235,samia,lsm
7237,samburu,saq
7238,rendille,rel
7248,pokomo-lower,pkb
7251,pokoot,pko
7266,okiek,oki
7285,turkana,tuv
7300,mwimbi-igoji-muthambi,mws
7309,maasai,mas
7321,kalenjin-kipsigis,kln
7326,gusii,guz
7334,taita,dav
7343,chonyi,coh
7350,hamgyongdo,ko-x-Hamgyongdo
7355,korean-sign-language,kvk
7371,bru-eastern,bru
7411,lao,lo
7428,tai-don,twh
7481,nung,nut
7506,katang,ncq
7516,tai-dam,blt
7519,latvian,lv
7546,sotho-southern,st
7547,zulu,zu
7564,vai,vai
7577,mende,men
7584,loma,lom
7586,pidgin-liberian,lir
7587,kisi-southern,kss
7609,kpelle-liberia,xpe
7617,gola,gol
7655,bandi,bza
7658,gbii,ggb
7698,lithuanian,lt
7735,bara,bhr
7750,malagasy-antankarana,mg-xmv
7752,shimaore,swb
7761,malagasy,mg
7773,yao,yao
7786,tumbuka,tum
7788,sena-malawi,swk
7790,lomwe,ngl
7791,mpoto,mpa
7792,lambya,lai
7793,kokola,kzn
7807,tamajeq-tahoua,ttq
7811,senoufo-supyire,spp
7839,arabic-hassaniya,ar-mey
7885,maltese,mt
7889,marshallese,mh
7897,wolof,wo
7922,chinanteco-tepetotutla,cnt
7926,chinanteco-tlacoatzintepec,ctl
7946,zapoteco-western-pochutla,ztp
7954,zapoteco-southern-rincon,zsr
7960,zapoteco-yalalag,zpu
7988,zoque-francisco-leon,zos
8000,zapoteco-mitla,zaw
8014,zapoteco-isthmus,zai
8021,zapoteco-san-juan-guelavia,zab
8023,zapoteco-sierra-de-juarez,zaa
8026,yaqui,yaq
8038,mixteco-central-juxtlahuaca,vmc
8069,tzotzil-chamula,tzo
8072,tzeltal-bachajon,tzh-x-Bachajon
8075,purepecha,tsz
8079,trique-san-juan-copala,trc
8089,totonaca-sierra,tos
8093,tojolabal,toj
8108,tarahumara-central,tar
8109,tarahumara-baja,tac
8130,popoloca-san-felipe-otlaltepec,pow
8133,popoluca-sierra,poi
8134,popoloca-san-juan-atzingo,poe
8145,pame-central,pbs
8154,otomi-western,otq
8156,otomi-eastern,otm
8158,otomi-mezquital,ote
8164,nahuatl-orizaba,nlv
8170,nahuatl-western-huasteca,nhw
8173,nahuatl-southeast-puebla,npl
8188,nahuatl-eastern-huasteca,nhe
8193,mixteco-metlatonoc,mxv-x-Metlatonoc
8202,mixteco-northwest-oaxaca,mxa
8230,mexican-sign-language,mfs
8235,mixe-coatlan,mco
8241,mazahua,maz
8245,mazateco-huautla-de-jimenez,mau
8265,huasteco-san-luis-potosi,hus-MX-SLP
8266,huave-san-mateo-del-mar,huv
8272,huasteco-veracruz,hus
8277,huichol,hch
8281,chatino-zenzontepec,czn
8282,chatino-nopala,cya
8284,cuicateco-tepeuxila,cux
8287,mixteco-silacayoapan,mks
8293,mixteco-southern-puebla,mit
8294,mixteco-diuxi-tilantongo,xtd
8295,mixe-del-istmo,mir
8296,mixteco-santa-maria-apasco,mip
8299,mixteco-alacatlatzala,mim
8303,mixteco-eastern,mil
8315,chol-tumbala,ctu
8323,cora,crn
8336,nahuatl-sierra-de-puebla,azz
8338,amuzgo-oaxaca,azg
8343,chinanteco-quiotepec,chq
8351,amuzgo-guerrero,amu
8381,yapese,yap
8418,arabic-moroccan-spoken,ar-ary
8420,chopi,cce
8426,chwabo,chw
8433,makonde-mozambique,kde
8434,koti,eko
8441,ndau,ndc
8456,manyika,mxc
8464,nsenga,nse
8486,mwani,wmw
8494,tsonga,ts
8506,shona,sn
8513,sena,seh
8520,ronga,rng
8523,nyungwe,nyu
8631,karen-sgaw,ksw
8684,shan,shn
8714,karen-pwo,pwo
8746,chin-mun,mwq
8799,lozi,loz
8818,nauruan,na
8972,rana-tharu,thr
8982,thami,thf
8989,tamang-western,tdg
9030,magar-western,mrd
9131,papiamentu,pap
9181,bislama,bi
9194,new-zealand-sign-language,nzs
9198,maori,mi
9290,agatu,agc
9291,legbo,agb
9316,cishingini,asg
9317,anaang,anw
9346,okrika,okr
9384,nupe,nup
9396,ngizim,ngi
9410,ngamo,nbh
9461,miya,mkf
9473,mbembe-cross-river,mfn
9490,mbula,mbu
9491,bwazza,mbu
9495,marghi-central,mrt
9506,longuda,lnu
9597,huba,hbb
9604,kukele,kez
9616,tsikimba,kdl
9618,kamo,kcq
9626,katab,kcg
9637,kamuku,cdr
9639,jju,kaj
9669,jibu,jib
96802,adonara,adr
96809,adzera,adz
96819,akeu,aeu
96835,agarabi,agd
9691,ikwo,iqw
96911,ayta-abellen,abp
9692,ezaa,eza
9694,izii,izz
9699,isoko,iso
97071,saa,apb
97073,athpariya,aph
97185,bamu,bcf
97214,behoa,bep
97237,baka,bdh
97247,oroko,bdu
97274,azha,aza
9728,ika,ikk
9731,nembe,ijs
9733,kalabari,ijn
97403,balantak,blz
97457,bongo,bot
97524,borna-shinasha,bwo
97609,benyadu,byd
97686,chinantec-usila,cuc
97720,chamari,cdg
9774,igbo,ig
97745,dene,chp
9779,igala,igl
9784,igede,ige
9789,ebira,igb
9793,idoma,idu
97941,daasanach,dsh
98033,doondo,dde
9811,ibibio,ibb
98137,embera-northern,emp
98139,muria-eastern,emu
98306,gagu,ggu
98407,gaanda,gqa
98458,gawri,gwc
98459,ale-gawwada,gwd
98476,gayil,gyl
98588,iranun,ilp
98626,iyaa,iyx
98630,hyam,jab
98663,ipili,ipi
98682,hunsrik,hrx
98730,kurumba-kannada,kfi
98838,keliko,kbo
98853,tyap,kcg
98914,kisi,kiz
99042,keapara,khz
9905,yungur,yun
99152,gbaya-kresh-south-sudan,krs
99184,kroumen-plapo,ktj
99188,kaduo,ktp
99260,lorung-northern,lbr
9930,tarok,yer
99303,maro,liq
99311,lukabaras,lkb
99359,kouya,kyf
99364,kamayo,kyk
9940,yala,yba
99460,laarim,loh
99504,olutachoni,lts
99508,aringa,luc
9955,warji,wji
99564,manobo-sarangani,mbs
99581,zhuang-minz,zgm
99582,zhuang-guibian,zgn
9959,waja,wja
99703,zo,zom
9976,urhobo,urh
99766,mamainde,wmd
99804,zhuang-qiubei,zqe
99886,merwari,wry
99910,zhuang-youjiang,zyj
99933,bungu,wun
9999,tula,tul
