language,audioLanguageSlug,displayLocale,eligibleCuratedVideos,catalogVideoIdsUpperBound,reason
Acchami,acchami,ne,0,0,Missing published card translation
Adygey,adygey,ady,0,0,Missing published card translation
Afrikaans,afrikaans,af,0,0,Missing published card translation
Albanian,albanian,sq,0,0,Missing published card translation
"Albanian, Kosovar",albanian-kosovar,sq,0,0,Missing published card translation
Amharic,amharic,am,0,0,Missing published card translation
Antandroy,antandroy,mg,0,0,Missing published card translation
"Arabic, Hassaniya",arabic-hassaniya,mey-Latn,0,0,Missing published card translation
Armenian,armenian,hy,0,0,Missing published card translation
"Armenian, Western",armenian-western,hy,0,0,Missing published card translation
Assamese,assamese,as,0,0,Missing published card translation
Avar,avar,av,0,0,Missing published card translation
Baitadeli,baitadeli,ne,0,0,Missing published card translation
Bajhangi,bajhangi,ne,0,0,Missing published card translation
Bajureli,bajureli,ne,0,0,Missing published card translation
Balanta-Ganja,balanta-ganja,bjt,0,0,Missing published card translation
Balkar,balkar,krc,0,0,Missing published card translation
Bashkir,bashkir,ba,0,0,Missing published card translation
Belorussian,belorussian,be,0,0,Missing published card translation
Bislama,bislama,bi,0,0,Missing published card translation
Bosnian,bosnian,bs,0,0,Missing published card translation
Bulgarian,bulgarian,bg,0,0,Missing published card translation
Burmese,burmese,my,0,0,Missing published card translation
Burmese Musselmani,burmese-musselmani,my,0,0,Missing published card translation
"Cakchiquel, Central",cakchiquel-central,cak,0,0,Missing published card translation
"Cakchiquel, Eastern",cakchiquel-eastern,cak,0,0,Missing published card translation
"Cakchiquel, South Central",cakchiquel-south-central,cak,0,0,Missing published card translation
"Cakchiquel, Western",cakchiquel-western,cak,0,0,Missing published card translation
Cantonese,cantonese,yue,0,0,Missing published card translation
Catalan-Valencian-Balear,catalan-valencian-balear,ca,0,0,Missing published card translation
Cebuano,cebuano,ceb,0,0,Missing published card translation
Chamorro,chamorro,ch,0,0,Missing published card translation
Chechen,chechen,ce,0,0,Missing published card translation
Chichewa,chichewa,ny,0,0,Missing published card translation
"Chinese, Guiliu",chinese-guiliu,zh,0,0,Missing published card translation
"Chinese, Sichuan",chinese-sichuan,zh,0,0,Missing published card translation
"Chinese, Simplified",chinese-simplified,zh-Hans,0,0,Missing published card translation
"Chinese, Traditional",chinese-traditional,zh-Hant,0,0,Missing published card translation
"Chinese, Yunnan (Kunming)",chinese-yunnan-kunming,zh,0,0,Missing published card translation
"Cree, Western",cree-western,crk,0,0,Missing published card translation
Croatian,croatian,hr,0,0,Missing published card translation
Csango,csango,hu,0,0,Missing published card translation
Czech,czech,cs,0,0,Missing published card translation
Danish,danish,da,0,0,Missing published card translation
Darchuleli,darchuleli,ne,0,0,Missing published card translation
Dene,dene,chp,0,0,Missing published card translation
Dhivehi,dhivehi,dv,0,0,Missing published card translation
Dutch,dutch,nl,0,0,Missing published card translation
Dzongkha,dzongkha,dz,0,0,Missing published card translation
Erzya,erzya,myv,0,0,Missing published card translation
Estonian,estonian,et,0,0,Missing published card translation
Euskera,basque,eu,0,0,Missing published card translation
Ewe,ewe,ee,0,0,Missing published card translation
Faroese,faroese,fo,0,0,Missing published card translation
Fiji-Hindi,fiji-hindi,hif,0,0,Missing published card translation
Fijian,fijian,fj,0,0,Missing published card translation
Finnish,finnish,fi,0,0,Missing published card translation
Ga,ga,ga,0,0,Missing published card translation
"Gaelic, Irish",gaelic-irish,ga,0,0,Missing published card translation
"Gaelic, Scots",gaelic-scots,gd,0,0,Missing published card translation
Galician,galician,gl,0,0,Missing published card translation
Georgian,georgian,ka,0,0,Missing published card translation
Greek,greek,el,0,0,Missing published card translation
Gujarati,gujarati,gu,0,0,Missing published card translation
Haitian Creole,haitian-creole,ht,0,0,Missing published card translation
Hawaiian Ni'Hau,hawaiian-nihau,haw,0,0,Missing published card translation
Hiligaynon,hiligaynon,hil,0,0,Missing published card translation
Hiri Motu,hiri-motu,ho,0,0,Missing published card translation
Ho,ho,ho,0,0,Missing published card translation
Hungarian,hungarian,hu,0,0,Missing published card translation
Icelandic,icelandic,is,0,0,Missing published card translation
Ilocano,ilocano,ilo,0,0,Missing published card translation
Ingush,ingush,inh,0,0,Missing published card translation
Italian,italian,it,0,0,Missing published card translation
"Ixil, Nebaj",ixil-nebaj,ixl,0,0,Missing published card translation
Jola-Fogny,jola-fogny,dyo,0,0,Missing published card translation
Kabardian,kabardian,kbd,0,0,Missing published card translation
Kalaallisut (Greenlandic),kalaallisut-greenlandic,kl,0,0,Missing published card translation
Kannada,kannada,kn,0,0,Missing published card translation
Karanga,karanga,sn,0,0,Missing published card translation
Kashmiri,kashmiri,ks,0,0,Missing published card translation
Kashubian,kashubian,csb,0,0,Missing published card translation
Kathiyawadi,kathiyawadi,gu,0,0,Missing published card translation
Khasi,khasi,kha,0,0,Missing published card translation
"Khmer, Central-M",khmer-central-m,km,0,0,Missing published card translation
"Khmer, Northern",khmer-northern,km,0,0,Missing published card translation
"Khmer, Standard",khmer-standard,km,0,0,Missing published card translation
"Kiche, Cunen",kiche-cunen,quc,0,0,Missing published card translation
Kinyarwanda,kinyarwanda,rw,0,0,Missing published card translation
Kiribati,kiribati,gil,0,0,Missing published card translation
Kirundi,kirundi,rn,0,0,Missing published card translation
Komi-Permyak,komi-permyak,koi,0,0,Missing published card translation
Kortha,kortha,mai,0,0,Missing published card translation
Kumyk,kumyk,kum,0,0,Missing published card translation
"Kurdi, Sorani",kurdi-sorani,ckb,0,0,Missing published card translation
"Kurdi, Sorani-Eastern",kurdi-sorani-eastern,ckb,0,0,Missing published card translation
Kyrgyz,kyrgyz,ky,0,0,Missing published card translation
Lak,lak,lbe,0,0,Missing published card translation
Lao,lao,lo,0,0,Missing published card translation
Latvian,latvian,lv,0,0,Missing published card translation
Lezgi,lezgi,lez,0,0,Missing published card translation
"Lhasa, Tibetan",lhasa-tibetan,bo,0,0,Missing published card translation
Lingala,lingala,ln,0,0,Missing published card translation
Lithuanian,lithuanian,lt,0,0,Missing published card translation
Macedonian,macedonian,mk,0,0,Missing published card translation
Magindanaon,magindanaon,mdh,0,0,Missing published card translation
Maithili,maithili,mai,0,0,Missing published card translation
"Maithili, Nepal",maithili-nepal,mai,0,0,Missing published card translation
Malagasy,malagasy,mg,0,0,Missing published card translation
"Malagasy, Antankarana",malagasy-antankarana,mg,0,0,Missing published card translation
"Malagasy, Antesaka",malagasy-antesaka,mg,0,0,Missing published card translation
"Malagasy, Northern Betsimisaraka",malagasy-northern-betsimisaraka,mg,0,0,Missing published card translation
"Malagasy, Southern Betsimisaraka",malagasy-southern-betsimisaraka,mg,0,0,Missing published card translation
"Malagasy, Tanosy",malagasy-tanosy,mg,0,0,Missing published card translation
Malay,malay,ms,0,0,Missing published card translation
"Malay, Ambonese",malay-ambonese,ms,0,0,Missing published card translation
"Malay, Papuan",malay-papuan,ms,0,0,Missing published card translation
"Malay, Pattani",malay-pattani,ms,0,0,Missing published card translation
Malayalam,malayalam,ml,0,0,Missing published card translation
Maltese,maltese,mt,0,0,Missing published card translation
Mandarin (Taiwan),mandarin-taiwan,zh-Hant,0,0,Missing published card translation
"Mandarin, China",mandarin-china,zh,0,0,Missing published card translation
Manjaku,manjaku,mfv,0,0,Missing published card translation
Mankanya,mankanya,knf,0,0,Missing published card translation
Maori,maori,mi,0,0,Missing published card translation
Marathi,marathi,mr,0,0,Missing published card translation
Marshallese,marshallese,mh,0,0,Missing published card translation
Moksha,moksha,mdf,0,0,Missing published card translation
Nauruan,nauruan,na,0,0,Missing published card translation
"Ndebele, Northern",ndebele-northern,nd,0,0,Missing published card translation
"Ndebele, Southern",ndebele-southern,nr,0,0,Missing published card translation
Nepali,nepali,ne,0,0,Missing published card translation
Nethakani,nethakani,te,0,0,Missing published card translation
Noon,noon,snf,0,0,Missing published card translation
"Norwegian, Bokmal",norwegian-bokmal,no,0,0,Missing published card translation
Ogan,ogan,ms,0,0,Missing published card translation
Oniyan,oniyan,bsc,0,0,Missing published card translation
Osetin,osetin,os,0,0,Missing published card translation
Palauan,palauan,pau,0,0,Missing published card translation
Pangasinan,pangasinan,pag,0,0,Missing published card translation
Papiamentu,papiamentu,pap,0,0,Missing published card translation
Pasemah,pasemah,ms,0,0,Missing published card translation
Polish,polish,pl,0,0,Missing published card translation
Punjabi,punjabi,pa,0,0,Missing published card translation
"Quiche, Central",quiche-central,quc,0,0,Missing published card translation
"Quiche, Joyabaj",quiche-joyabaj,quc,0,0,Missing published card translation
"Quiche, West Central",quiche-west-central,quc,0,0,Missing published card translation
Romanian,romanian,ro,0,0,Missing published card translation
Rufumbira,rufumbira,rw,0,0,Missing published card translation
Saafi-Saafi,saafi-saafi,sav,0,0,Missing published card translation
Samarkand-Tajik,samarkand-tajik,tg,0,0,Missing published card translation
Samoan,samoan,sm,0,0,Missing published card translation
Sango,sango,sg,0,0,Missing published card translation
"Santali, India",santali-india,sat,0,0,Missing published card translation
"Santhali, Nepal",santhali-nepal,sat,0,0,Missing published card translation
Serawai,serawai,ms,0,0,Missing published card translation
Serbian,serbian,sr,0,0,Missing published card translation
Serere-Sine,serere-sine,srr,0,0,Missing published card translation
Shona,shona,sn,0,0,Missing published card translation
Sindhi,sindhi,sd,0,0,Missing published card translation
Sinhala,sinhala,si,0,0,Missing published card translation
Siswati,siswati,ss,0,0,Missing published card translation
Slovak,slovak,sk,0,0,Missing published card translation
Slovenian,slovenian,sl,0,0,Missing published card translation
Somali,somali,so,0,0,Missing published card translation
"Sotho, Northern",sotho-northern,nso,0,0,Missing published card translation
"Sotho, Southern",sotho-southern,st,0,0,Missing published card translation
"Swahili, Congo",swahili-congo,sw,0,0,Missing published card translation
"Swahili, Kenya",swahili-kenya,sw,0,0,Missing published card translation
"Swahili, Tanzania",swahili-tanzania,sw,0,0,Missing published card translation
Swedish,swedish,sv,0,0,Missing published card translation
Tahitian,tahitian,ty,0,0,Missing published card translation
Tajik,tajik,tg,0,0,Missing published card translation
"Tamazight, Central Atlas",tamazight-central-atlas,tzm,0,0,Missing published card translation
Tamil,tamil,ta,0,0,Missing published card translation
Tatar,tatar,tt,0,0,Missing published card translation
Tausug,tausug,tsg,0,0,Missing published card translation
Telugu,telugu,te,0,0,Missing published card translation
Tetun Belu,tetun-belu,tet,0,0,Missing published card translation
Tlicho,tlicho,dgr,0,0,Missing published card translation
Tok Pisin,tok-pisin,tpi,0,0,Missing published card translation
Tongan,tongan,to,0,0,Missing published card translation
Tshiluba,tshiluba,lua,0,0,Missing published card translation
Tsonga,tsonga,ts,0,0,Missing published card translation
Tswana,tswana,tn,0,0,Missing published card translation
Turkmen,turkmen,tk,0,0,Missing published card translation
Tuvin,tuvin,tyv,0,0,Missing published card translation
Udmurt,udmurt,udm,0,0,Missing published card translation
Ukrainian,ukrainian,uk,0,0,Missing published card translation
Uspanteco,uspanteco,usp,0,0,Missing published card translation
Uyghur,uyghur,ug,0,0,Missing published card translation
Vajjika,vajjika,mai,0,0,Missing published card translation
Venda,venda,ve,0,0,Missing published card translation
Waray-Waray,waray-waray,war,0,0,Missing published card translation
Welsh,welsh,cy,0,0,Missing published card translation
Wolof,wolof,wo,0,0,Missing published card translation
Xhosa,xhosa,xh,0,0,Missing published card translation
Yakut,yakut,sah,0,0,Missing published card translation
Yoruba,yoruba,yo,0,0,Missing published card translation
Zulu,zulu,zu,0,0,Missing published card translation
American Sign Language,american-sign-language,en,2,2,Insufficient eligible catalog inventory
Antesaka,antesaka,en,0,2,Insufficient eligible catalog inventory
"Arabic, North African",arabic-north-african,ar,1,1,Insufficient eligible catalog inventory
Ayizo,ayizo-tori,en,1,1,Insufficient eligible catalog inventory
Bahasa Melayu,bahasa-melayu-2,en,1,2,Insufficient eligible catalog inventory
Brazilian Sign Language,brazilian-sign-language,en,1,1,Insufficient eligible catalog inventory
Colombian Sign Language,colombian-sign-language,en,1,1,Insufficient eligible catalog inventory
Costa Rican Sign Language,costa-rican-sign-language,en,1,1,Insufficient eligible catalog inventory
Dagara,dagaari-northern,en,0,0,Insufficient eligible catalog inventory
Japanese Sign Language,japanese-sign-language,en,1,1,Insufficient eligible catalog inventory
Jordanian Sign Language,jordanian-sign-language,en,1,1,Insufficient eligible catalog inventory
Korean Sign Language,korean-sign-language,en,1,1,Insufficient eligible catalog inventory
Kusaal,kusaal,en,4,5,Insufficient eligible catalog inventory
Lebanese Sign Language,lebanese-sign-language,en,1,2,Insufficient eligible catalog inventory
Letuama-Tanimuca,letuama-tanimuca,en,1,1,Insufficient eligible catalog inventory
"Limba, West-Central",limba-west-central,en,0,0,Insufficient eligible catalog inventory
Mexican Sign Language,mexican-sign-language,en,1,1,Insufficient eligible catalog inventory
New Zealand Sign Language,new-zealand-sign-language,en,1,1,Insufficient eligible catalog inventory
Persian Sign Language,persian-sign-language,en,1,1,Insufficient eligible catalog inventory
Ralte,ralte,en,0,0,Insufficient eligible catalog inventory
Romanian Sign Language,romanian-sign-language,en,1,1,Insufficient eligible catalog inventory
Russian Sign Language,russian-sign-language,en,1,1,Insufficient eligible catalog inventory
Salar,salar,en,0,1,Insufficient eligible catalog inventory
Sidamo,sidamo,en,1,1,Insufficient eligible catalog inventory
Tarifit (Abs),tarifit-arabic-based-script,en,1,1,Insufficient eligible catalog inventory
Tarifit (Lbs),tarifit-latin-based-script,en,1,1,Insufficient eligible catalog inventory
"Tonga, Zambezi",tonga-zambezi,en,1,2,Insufficient eligible catalog inventory
Ukrainian Sign Language,ukrainian-sign-language,en,1,1,Insufficient eligible catalog inventory
Urdu (Indian),urdu-indian,en,1,1,Insufficient eligible catalog inventory
"Uyghur, Central Asia",uyghur-central-asia,en,1,1,Insufficient eligible catalog inventory
Visual Vernacular,visualvernacular,en,3,5,Insufficient eligible catalog inventory
"Wayampi, Oiapoque",wayampi-oiapoque,en,1,1,Insufficient eligible catalog inventory
Yakpa,yakpa,en,0,0,Insufficient eligible catalog inventory
Yiddish,yiddish,en,1,1,Insufficient eligible catalog inventory
"Zhuang, Minz",zhuang-minz,en,0,0,Insufficient eligible catalog inventory
"Arabic, Najdi",arabic-najdi,en,5,9,Additional curation needed
"English, African",english-african,en,12,14,Six cards available; reserve below 30
"English, British",english-british,en,12,14,Six cards available; reserve below 30
"French, African",french-african,fr,28,35,Six cards available; reserve below 30
Kachhi Gujerati,kachhi-gujerati,en,28,54,Six cards available; reserve below 30
Kwasio,kwasio,en,9,10,Six cards available; reserve below 30
Lebanese-Syrian Arabic,lebanese-syrian-arabic,en,10,11,Six cards available; reserve below 30
Mazanderani,mazanderani,en,28,54,Six cards available; reserve below 30
"Portuguese, Mozambique",portuguese-mozambique,pt,14,28,Six cards available; reserve below 30
