language,audioLanguageSlug,displayLocale,eligibleCuratedVideos,catalogVideoIdsUpperBound,reason,coreLanguageId,publishedVariantRows,publishedDistinctVideoIds,collectionOrSeriesVideoIds,publishedLeafVideoIds,leafVideosWithHls,leafVideosWithMux,leafVideosWithHlsOrMux,nonLeafVideosWithHlsOrMux,nonLeafWithoutStream,coreStreamCountAtLeast6,observedAt,pages,evidenceSha256
Acchami,acchami,ne,0,0,Missing published card translation,111586,76,76,14,62,62,62,62,0,14,True,2026-09-10T03:32:54.429275+00:00,1,cc8d77a8294d414fc59bec4ffdf38a8687530314c633675db5b52c89738ff231
Adygey,adygey,ady,0,0,Missing published card translation,20522,76,76,14,62,62,62,62,0,14,True,2026-09-10T03:32:54.209744+00:00,1,4f3fbf6898a5f1385cf81489ba6878b2796a08968d4dcf38ed28624b3b48eb06
Afrikaans,afrikaans,af,0,0,Missing published card translation,1444,298,298,35,263,263,263,263,2,33,True,2026-09-10T03:32:55.125417+00:00,1,b6bdd947a33bcb49a1bfc57d168d11a0433ec150b6e0b9e445246979b9338838
Albanian,albanian,sq,0,0,Missing published card translation,20526,198,198,27,171,171,171,171,2,25,True,2026-09-10T03:32:54.504594+00:00,1,dfc2b38d3e035a3c10e429ffb0ce3574fdb253db65d0fcfd3e6743c32ed05342
"Albanian, Kosovar",albanian-kosovar,sq,0,0,Missing published card translation,20528,107,107,22,85,85,85,85,2,20,True,2026-09-10T03:32:55.911573+00:00,1,779b111d1c170cfbcdc042e60635766e7ca220f0d76fb04c1b3990b384998fa5
American Sign Language,american-sign-language,en,2,2,Insufficient eligible catalog inventory,19171,9,9,7,2,2,2,2,0,7,False,2026-09-10T03:34:37.002533+00:00,1,a5e45e7d7c4751b6e2be1030469ddc552a103b545edb7f063d008c54b9f32f3a
Amharic,amharic,am,0,0,Missing published card translation,4791,209,209,33,176,176,176,176,2,31,True,2026-09-10T03:32:56.668852+00:00,1,7314f731350429e08b00194dbdc1f542dbb52df82ce4295d6b62f53b1289b59a
Antandroy,antandroy,mg,0,0,Missing published card translation,23192,79,79,15,64,64,64,64,0,15,True,2026-09-10T03:32:57.560572+00:00,1,17981dbe59074de5e1a4f264d9de447c145faa076bbce3e2d3b4073b0581f41a
Antesaka,antesaka,en,0,2,Insufficient eligible catalog inventory,139153,12,12,10,2,2,2,2,0,10,False,2026-09-10T03:34:37.403846+00:00,1,1180edaf3ce7f835bcf085859cb10b3ffce09b139767c230eac139926f95780b
"Arabic, Hassaniya",arabic-hassaniya,mey-Latn,0,0,Missing published card translation,7839,105,105,21,84,84,84,84,2,19,True,2026-09-10T03:32:56.629254+00:00,1,920fc118672f14e91f777323cd3f270566385448a5960652bc850a52eb19f5e7
"Arabic, Najdi",arabic-najdi,en,5,9,Additional curation needed,184591,14,14,5,9,9,9,9,0,5,True,2026-09-10T03:34:52.970143+00:00,1,52552536db6c8f21880656b87f128d5ed889399c1895550aea1158df1fd1d379
"Arabic, North African",arabic-north-african,ar,1,1,Insufficient eligible catalog inventory,20538,8,8,7,1,1,1,1,0,7,False,2026-09-10T03:34:37.442940+00:00,1,3faafe300a24d1027e8fd334a97e93362e02e17a95316ef4dd89b0504361c94e
Armenian,armenian,hy,0,0,Missing published card translation,646,183,183,27,156,156,156,156,2,25,True,2026-09-10T03:32:58.103077+00:00,1,fc451a490f8fb62c9dafded9864d04c49efa19ece15217b9d9ecdf345e764d6f
"Armenian, Western",armenian-western,hy,0,0,Missing published card translation,20550,151,151,20,131,131,131,131,0,20,True,2026-09-10T03:32:58.342693+00:00,1,109b5e858d83747c7c1d7fe17f776d98f14e0da557693d84050080fdf34b4f19
Assamese,assamese,as,0,0,Missing published card translation,1171,158,158,20,138,138,138,138,0,20,True,2026-09-10T03:32:58.407535+00:00,1,89d7d5023785f455946e0f9edcfe56302a6169c5b007412f400c3ef5218a40c0
Avar,avar,av,0,0,Missing published card translation,15882,78,78,15,63,63,63,63,0,15,True,2026-09-10T03:32:58.809317+00:00,1,070a952de750bb1905da5bf6f18b0d3688fd7b250645fcaa9f8129969315b0c2
Ayizo,ayizo-tori,en,1,1,Insufficient eligible catalog inventory,145621,14,14,13,1,1,1,1,0,13,False,2026-09-10T03:34:37.889721+00:00,1,0d908e8710ba7291f00f6659333e58dd47475e6c5b3581181919367e708d4e33
Bahasa Melayu,bahasa-melayu-2,en,1,2,Insufficient eligible catalog inventory,170534,13,13,9,4,4,4,4,0,9,False,2026-09-10T03:34:38.253490+00:00,1,288f17d0a98a13b5033e299235dd59abad91821d6438b4e60d03bee6cc3cfcc3
Baitadeli,baitadeli,ne,0,0,Missing published card translation,111587,76,76,14,62,62,62,62,0,14,True,2026-09-10T03:32:59.783224+00:00,1,2e59167e831aa9b1e8e13f7940c6847b664e128833b2db3dcc92239ed97717d5
Bajhangi,bajhangi,ne,0,0,Missing published card translation,111589,76,76,14,62,62,62,62,0,14,True,2026-09-10T03:33:00.194444+00:00,1,8fc7693cd7d007f9c7e2dadadaad1118e7678445a3fe87e57c9a5a949e7d8aaf
Bajureli,bajureli,ne,0,0,Missing published card translation,184907,76,76,14,62,62,62,62,0,14,True,2026-09-10T03:33:00.226954+00:00,1,275077e52d1686db0bcc8e71a4d39755e6f7d22e19b4309722a8d27fb259c4c0
Balanta-Ganja,balanta-ganja,bjt,0,0,Missing published card translation,23511,76,76,14,62,62,62,62,0,14,True,2026-09-10T03:33:00.441958+00:00,1,434039f4a5940e693bf1007a4b4321787295ecb2a2d37a80ccf1d7fba0ddd71f
Balkar,balkar,krc,0,0,Missing published card translation,18518,78,78,15,63,63,63,63,0,15,True,2026-09-10T03:33:01.410385+00:00,1,bba98a2b1b587742dcfc84440dd9e3858b8a62b7e9fdea9c334e3338deed0461
Bashkir,bashkir,ba,0,0,Missing published card translation,18450,165,165,20,145,145,145,145,0,20,True,2026-09-10T03:33:02.243913+00:00,1,d55ef91351b3db1c74e11856eee6c06ec8248f26278169eb9bc147e32036dad3
Euskera,basque,eu,0,0,Missing published card translation,23514,92,92,16,76,76,76,76,0,16,True,2026-09-10T03:33:17.507044+00:00,1,e0ad7cc0ca2623e80700ec312dd82a1245b84d39400844fa2633c269cad6da45
Belorussian,belorussian,be,0,0,Missing published card translation,1259,120,120,22,98,98,98,98,2,20,True,2026-09-10T03:33:01.941194+00:00,1,b0ed872b43ff6d5cf0ec7bcedafcbd256bbc0b35ef0f9ea56f29f906068857a1
Bislama,bislama,bi,0,0,Missing published card translation,9181,121,121,22,99,99,99,99,2,20,True,2026-09-10T03:33:02.623022+00:00,1,8a13c4b2be731491410bf87ae09400242319b0347db7d744cb85e08873e6ee42
Bosnian,bosnian,bs,0,0,Missing published card translation,20581,107,107,23,84,84,84,84,2,21,True,2026-09-10T03:33:03.263893+00:00,1,1949e3eb1625940f3c37451688a8894ba37686d126562b74b747d625e69b4a84
Brazilian Sign Language,brazilian-sign-language,en,1,1,Insufficient eligible catalog inventory,1872,8,8,7,1,1,1,1,0,7,False,2026-09-10T03:34:38.292104+00:00,1,e10de5609a0faaa5c587f1d23ec3353a7971073806c9e86a44f2d621aa6d2a37
Bulgarian,bulgarian,bg,0,0,Missing published card translation,1964,192,192,26,166,166,166,166,2,24,True,2026-09-10T03:33:03.766103+00:00,1,30dc574257dfa59b943e38ad08643713f5e272e08868f03b11763ff89619358e
Burmese,burmese,my,0,0,Missing published card translation,1254,99,99,16,83,83,83,83,0,16,True,2026-09-10T03:33:03.578772+00:00,1,dd86479cf4f63204e7602663d56f7615ce20da4199ed370c0e618ba92703e078
Burmese Musselmani,burmese-musselmani,my,0,0,Missing published card translation,24293,76,76,14,62,62,62,62,0,14,True,2026-09-10T03:33:03.846227+00:00,1,0c40bf01eb3fe200993360c5fdb8abebe8d07c80242d621387374049e6313411
"Cakchiquel, Central",cakchiquel-central,cak,0,0,Missing published card translation,5439,105,105,21,84,84,84,84,2,19,True,2026-09-10T03:33:04.935164+00:00,1,a51552700605cbd56caf86dd3810b8929094f27fd6d4b3fd77c3ca9247b9db8f
"Cakchiquel, Eastern",cakchiquel-eastern,cak,0,0,Missing published card translation,5397,76,76,14,62,62,62,62,0,14,True,2026-09-10T03:33:05.555885+00:00,1,ffb6b7502206bdaaf6d72f7dd6c594a890ee86308ffab4e7ab549ff4dc3bde0d
"Cakchiquel, South Central",cakchiquel-south-central,cak,0,0,Missing published card translation,5437,79,79,15,64,64,64,64,0,15,True,2026-09-10T03:33:05.657566+00:00,1,adb40c52e9ed1f47a091535f356c85814cea714bb2cb0ebc6eff9f9e06084f3d
"Cakchiquel, Western",cakchiquel-western,cak,0,0,Missing published card translation,5392,151,151,19,132,132,132,132,0,19,True,2026-09-10T03:33:05.836177+00:00,1,81944146b0fbe97a87db5a7cd0a2a9ef805e0f759b6b24b4afb10f66a63b081c
Cantonese,cantonese,yue,0,0,Missing published card translation,20601,349,349,41,308,308,308,308,2,39,True,2026-09-10T03:33:07.641908+00:00,1,ead6bc046db92b3c183c11e1d833cb7b607fba4a56612f9496e967cccd0a1d2f
Catalan-Valencian-Balear,catalan-valencian-balear,ca,0,0,Missing published card translation,531,168,168,21,147,147,147,147,0,21,True,2026-09-10T03:33:07.389535+00:00,1,c31d5e335cdaaf36f995ac27906311ed152c24146f85d7142f02343cc664e9d1
Cebuano,cebuano,ceb,0,0,Missing published card translation,12784,131,131,23,108,108,108,108,2,21,True,2026-09-10T03:33:07.431336+00:00,1,7db0fb61da71517ae587573ddadcba9e09dfe19ec35a65a5eda81bf6eb652933
Chamorro,chamorro,ch,0,0,Missing published card translation,5379,105,105,21,84,84,84,84,2,19,True,2026-09-10T03:33:07.446847+00:00,1,b54b32229831b3d2bd51d7f18515fa42aa795acb7f2547ab32c25e87dd1217f7
Chechen,chechen,ce,0,0,Missing published card translation,7139,78,78,15,63,63,63,63,0,15,True,2026-09-10T03:33:09.029036+00:00,1,e41fe4b0066e87d617a77f21cf9786c16ba93bfb312eea64f43e7449e63d2a2c
Chichewa,chichewa,ny,0,0,Missing published card translation,20857,327,327,35,292,292,292,292,2,33,True,2026-09-10T03:33:10.212229+00:00,1,ce988e08fa9c7ecea02f64048cb6598fc23c8102f5e0dbb9c11f9237cc92beac
"Chinese, Guiliu",chinese-guiliu,zh,0,0,Missing published card translation,53352,76,76,14,62,62,62,62,0,14,True,2026-09-10T03:33:09.524400+00:00,1,01aeaca75bf0a607c2aa2fcceba77d34ad8afa7b3cba08c1e845a521f7d6b302
"Chinese, Sichuan",chinese-sichuan,zh,0,0,Missing published card translation,23062,76,76,14,62,62,62,62,0,14,True,2026-09-10T03:33:09.793111+00:00,1,b270fd1075547eeacffa9b6d493f8e8876f4e54c1205d9e1734b94f8b1015096
"Chinese, Simplified",chinese-simplified,zh-Hans,0,0,Missing published card translation,21754,127,127,38,89,89,89,89,0,38,True,2026-09-10T03:33:10.710445+00:00,1,bb4b9906ac089bacdda026a4f63d6646f746703247835342c54b98db96159ab8
"Chinese, Traditional",chinese-traditional,zh-Hant,0,0,Missing published card translation,21753,77,77,29,48,48,48,48,0,29,True,2026-09-10T03:33:10.675375+00:00,1,3c6dc662b954b6857d8572e364622c43ae42446ed8bec7f631852098fab0929e
"Chinese, Yunnan (Kunming)",chinese-yunnan-kunming,zh,0,0,Missing published card translation,23061,92,92,16,76,76,76,76,0,16,True,2026-09-10T03:33:11.102536+00:00,1,b524a118cea832140dce3c0ffb80a554760908a0fbe671af2fe43a26833ae135
Colombian Sign Language,colombian-sign-language,en,1,1,Insufficient eligible catalog inventory,4247,8,8,7,1,1,1,1,0,7,False,2026-09-10T03:34:38.610326+00:00,1,ceb1805813c1872b78abea000f6f0952aea94ba607fc0cb471f527674fb02c35
Costa Rican Sign Language,costa-rican-sign-language,en,1,1,Insufficient eligible catalog inventory,4394,8,8,7,1,1,1,1,0,7,False,2026-09-10T03:34:38.748188+00:00,1,ff2d3d3fc2cbaca0aac9d2a26457198eb20e3784053f8aea6ef168fe276c7fc8
"Cree, Western",cree-western,crk,0,0,Missing published card translation,3087,76,76,14,62,62,62,62,0,14,True,2026-09-10T03:33:11.438655+00:00,1,7de9ae4114f8c2f1a43084e3a3715b610ce3dfa5994fd46de07002a739661729
Croatian,croatian,hr,0,0,Missing published card translation,1109,298,298,36,262,262,262,262,2,34,True,2026-09-10T03:33:12.834028+00:00,1,21994cd64b36ddd467256086b9633a493a16fc149773c89274bfaf39cfaec0a1
Csango,csango,hu,0,0,Missing published card translation,108102,92,92,16,76,76,76,76,0,16,True,2026-09-10T03:33:12.681978+00:00,1,2d7f8e9eb97b01c6f6ff36dd01e69b95bf383ec9d5a577c3ea0c84f5598337ae
Czech,czech,cs,0,0,Missing published card translation,4432,337,337,33,304,304,304,304,2,31,True,2026-09-10T03:33:13.467032+00:00,1,e9c8bbb70e8b4e341d1cfacfa7c5ad91c52164146cfe1b1e75c5792def3ab645
Dagara,dagaari-northern,en,0,0,Insufficient eligible catalog inventory,22197,0,0,0,0,0,0,0,0,0,False,2026-09-10T03:34:39.122975+00:00,1,40e9f887c3921a4d92262f610b1928016f2535063b18bf00e193bb6f1d10cd6d
Danish,danish,da,0,0,Missing published card translation,4454,138,138,25,113,113,113,113,2,23,True,2026-09-10T03:33:13.164611+00:00,1,27f35747eb5ec44bc7414bbb2aef9d16c72d7b288e9dcf8211638623438749ac
Darchuleli,darchuleli,ne,0,0,Missing published card translation,111588,76,76,14,62,62,62,62,0,14,True,2026-09-10T03:33:13.950698+00:00,1,37777829986742b59e417f7d604999e46c4785ee1157cd4e8dcf053405fb7a0f
Dene,dene,chp,0,0,Missing published card translation,97745,76,76,14,62,62,62,62,0,14,True,2026-09-10T03:33:14.692942+00:00,1,b62fec927bc3c45103b3c696b18e19cdbc72808609dd9fb5fe4f220140cd9b84
Dhivehi,dhivehi,dv,0,0,Missing published card translation,53287,147,147,26,121,121,121,121,2,24,True,2026-09-10T03:33:16.141653+00:00,1,910d72105d05d1c0e093cc5372c121335d849e7677fcaad4d1483a6612d55431
Dutch,dutch,nl,0,0,Missing published card translation,1269,339,339,35,304,304,304,304,2,33,True,2026-09-10T03:33:16.049056+00:00,1,14ee24da3b8db7c64629631449d40b03896f3686eac53a7559653f3ed44d590a
Dzongkha,dzongkha,dz,0,0,Missing published card translation,1375,108,108,21,87,87,87,87,2,19,True,2026-09-10T03:33:15.920497+00:00,1,5cc3e0ae58a25add96ab3df04a63ae7e14b4f1fa56c4f700827bd59c545be988
"English, African",english-african,en,12,14,Six cards available; reserve below 30,185221,24,24,10,14,14,14,14,0,10,True,2026-09-10T03:34:52.171584+00:00,1,c42b555b1e5ed8ed91b7f10ea56f90e02314a905f6b4f97c97574646d1cdf23b
"English, British",english-british,en,12,14,Six cards available; reserve below 30,185021,24,24,10,14,14,14,14,0,10,True,2026-09-10T03:34:56.959533+00:00,1,e03458835297059186e48692893feaca7e925605e64a0d44c5153339fcaf023d
Erzya,erzya,myv,0,0,Missing published card translation,18483,76,76,14,62,62,62,62,0,14,True,2026-09-10T03:33:16.136313+00:00,1,c8dfd9566e39f4fd8bb66a7c4adfe0beea215c3ae32b490e13e2247faa4bd37f
Estonian,estonian,et,0,0,Missing published card translation,4601,180,180,24,156,156,156,156,2,22,True,2026-09-10T03:33:17.459513+00:00,1,61e4bd89677fadf850124e0840ed3a5a5209afe412f0212e75a886580a8743f3
Ewe,ewe,ee,0,0,Missing published card translation,5331,138,138,17,121,121,121,121,0,17,True,2026-09-10T03:33:18.611434+00:00,1,e0ecbd69e8400d32f5614fd4b7d09a5b44a9424bbcd0f6ff16f2182004ad5e8a
Faroese,faroese,fo,0,0,Missing published card translation,4455,92,92,16,76,76,76,76,0,16,True,2026-09-10T03:33:18.411368+00:00,1,49056fa9e9d2882b0257a0ca12f780d41ab61e46103745e2949d9a6550cda5ed
Fiji-Hindi,fiji-hindi,hif,0,0,Missing published card translation,53300,95,95,17,78,78,78,78,0,17,True,2026-09-10T03:33:18.724253+00:00,1,54974560d8a0bf919addce7014e52bf6eb69b0d931bc2e71dfde9cca442f69f3
Fijian,fijian,fj,0,0,Missing published card translation,20665,120,120,22,98,98,98,98,2,20,True,2026-09-10T03:33:19.124923+00:00,1,6c1a8a9c6ed6be8cc56273c0a789140933929be4d0e926859aa4660a3c2d7a6d
Finnish,finnish,fi,0,0,Missing published card translation,4820,158,158,28,130,130,130,130,2,26,True,2026-09-10T03:33:19.754495+00:00,1,bb82e01d21b4d2220f7bb87a55bfba98b91f461965318635f81386201813ff0b
"French, African",french-african,fr,28,35,Six cards available; reserve below 30,53424,53,53,18,35,35,35,35,0,18,True,2026-09-10T03:34:55.797980+00:00,1,795fd681bf12d6cad1b0d2fe7fee4a75d245d5c7d163231bb0e1aabf9ea490bc
Ga,ga,ga,0,0,Missing published card translation,27152,76,76,14,62,62,62,62,0,14,True,2026-09-10T03:33:20.236947+00:00,1,73072c4f562711d7786a9655854c5ebf4064402615f1fd3ea26fc1f01c7ff345
"Gaelic, Irish",gaelic-irish,ga,0,0,Missing published card translation,6884,92,92,16,76,76,76,76,0,16,True,2026-09-10T03:33:20.581052+00:00,1,712cbf0b602ea5ee5c42f973b2d9ede8868df6f44243cbe9cb9c09f05dc62996
"Gaelic, Scots",gaelic-scots,gd,0,0,Missing published card translation,14818,76,76,14,62,62,62,62,0,14,True,2026-09-10T03:33:21.131641+00:00,1,04a3bd3e2de8339d71fdde82a840ae91b1d84a86b63cb2596546a0e31089af12
Galician,galician,gl,0,0,Missing published card translation,19705,120,120,22,98,98,98,98,2,20,True,2026-09-10T03:33:21.207749+00:00,1,b0a61c05b5e88d1a923a2fd7d680703bd9081a39c09ed60391be755678a6bfa4
Georgian,georgian,ka,0,0,Missing published card translation,5112,203,203,28,175,175,175,175,2,26,True,2026-09-10T03:33:22.386252+00:00,1,4537ba93e2c294fd2574572c6e933d3a6d20a2e54a5ed5b7f0b605a486d438a1
Greek,greek,el,0,0,Missing published card translation,483,198,198,29,169,169,169,169,2,27,True,2026-09-10T03:33:22.636975+00:00,1,db20da75110e1edcb64948bf43a04a6ef7ac694c76a2c03fe6f68eafcee2c59d
Gujarati,gujarati,gu,0,0,Missing published card translation,6600,329,329,32,297,297,297,297,0,32,True,2026-09-10T03:33:23.238046+00:00,1,5bee9b2a9544cf7ec2520472772407ba9bbdddbb172fff9bb28384762a590299
Haitian Creole,haitian-creole,ht,0,0,Missing published card translation,4473,156,156,22,134,134,134,134,0,22,True,2026-09-10T03:33:22.820400+00:00,1,187663c17d12cda2bf184f4540289ed9b320289dd21ef1aae841e55d73871bba
Hawaiian Ni'Hau,hawaiian-nihau,haw,0,0,Missing published card translation,184517,79,79,16,63,63,63,63,0,16,True,2026-09-10T03:33:24.025251+00:00,1,ac3588f471b61958fb3618b33d0e03d22406124f1176ce55987f09fc1d4d45d1
Hiligaynon,hiligaynon,hil,0,0,Missing published card translation,19738,76,76,14,62,62,62,62,0,14,True,2026-09-10T03:33:23.832195+00:00,1,9b86d7b013282ed483eea617df92d91ad516073162cd458ba5a16cd7bcf29f38
Hiri Motu,hiri-motu,ho,0,0,Missing published card translation,21120,76,76,14,62,62,62,62,0,14,True,2026-09-10T03:33:24.031332+00:00,1,652b535fdeb3a072d83f8007a8123af2a62b6aa831e3efed1c35e9f0fb1d87d5
Ho,ho,ho,0,0,Missing published card translation,1189,85,85,15,70,70,70,70,0,15,True,2026-09-10T03:33:24.903826+00:00,1,51852211c8fba813763d142cb4bab4f5f95901bcc6ec83bbaafa9fab1dba8d90
Hungarian,hungarian,hu,0,0,Missing published card translation,1107,292,292,34,258,258,258,258,2,32,True,2026-09-10T03:33:25.650109+00:00,1,ea21e959ab3986e3d4f029498da8f634774f4ab5d7de9c35494a67a895243739
Icelandic,icelandic,is,0,0,Missing published card translation,5563,111,111,20,91,91,91,91,2,18,True,2026-09-10T03:33:25.630101+00:00,1,0acbcdb7f7c1f92d38f1568c7e697fb5a01778f92d5d2c5d2ecfe2e1f46f16bf
Ilocano,ilocano,ilo,0,0,Missing published card translation,12723,120,120,22,98,98,98,98,2,20,True,2026-09-10T03:33:25.502752+00:00,1,8e84705ccce24d09ff803ec022c615c7524b2b680c04272c4221c9768d681059
Ingush,ingush,inh,0,0,Missing published card translation,18555,76,76,14,62,62,62,62,0,14,True,2026-09-10T03:33:26.117344+00:00,1,a963b8564bd6adfcf2564351ae532dd826557a1376f0c3a62f329254188da297
Italian,italian,it,0,0,Missing published card translation,4415,506,506,58,448,448,448,448,2,56,True,2026-09-10T03:33:29.596523+00:00,2,8cc51891004c3b5bbf798306d2f61c9bed0d1d7ff5aa803be45c0c2fb44765d4
"Ixil, Nebaj",ixil-nebaj,ixl,0,0,Missing published card translation,5420,76,76,14,62,62,62,62,0,14,True,2026-09-10T03:33:27.797112+00:00,1,24466be2c24fd57fcce7aa8e98a6c7a2fbfb761a05f7ee6ee43f6da67a339d0b
Japanese Sign Language,japanese-sign-language,en,1,1,Insufficient eligible catalog inventory,7090,8,8,7,1,1,1,1,0,7,False,2026-09-10T03:34:39.195447+00:00,1,6d80df781f1434d33deda27a65ee58b467fef1254feb26128931b0c30a481f3b
Jola-Fogny,jola-fogny,dyo,0,0,Missing published card translation,5069,76,76,14,62,62,62,62,0,14,True,2026-09-10T03:33:27.317291+00:00,1,50803912e9f336c1968ea0fd56bdaea03dba08cb86379867f2dcbc2d519103ae
Jordanian Sign Language,jordanian-sign-language,en,1,1,Insufficient eligible catalog inventory,7138,8,8,7,1,1,1,1,0,7,False,2026-09-10T03:34:39.447295+00:00,1,b64daa11277c38837787574c819077b9885759dc86332fba29e0d3cad851836d
Kabardian,kabardian,kbd,0,0,Missing published card translation,14632,76,76,14,62,62,62,62,0,14,True,2026-09-10T03:33:28.090023+00:00,1,cdb2dfe0f43c64e3b6ac1cc4bbad426fe2bba240e1703b3dfb4ad234affc4ea6
Kachhi Gujerati,kachhi-gujerati,en,28,54,Six cards available; reserve below 30,177210,67,67,13,54,54,54,54,0,13,True,2026-09-10T03:34:56.919046+00:00,1,58fe971769514538356b382cff9e9a67972fe9a66205956de6c073980a283b08
Kalaallisut (Greenlandic),kalaallisut-greenlandic,kl,0,0,Missing published card translation,21199,105,105,21,84,84,84,84,2,19,True,2026-09-10T03:33:28.611571+00:00,1,4782ea5fb85efbb99acc0623c914b95dd4be9d75f529d47b571f62a64db5d8a0
Kannada,kannada,kn,0,0,Missing published card translation,6318,287,287,35,252,252,252,252,0,35,True,2026-09-10T03:33:29.924417+00:00,1,054b94f723b8293b56f3c7b8efe530d9c747a7a4f5b938e3ed889dc8c3d9faca
Karanga,karanga,sn,0,0,Missing published card translation,20211,76,76,14,62,62,62,62,0,14,True,2026-09-10T03:33:29.715162+00:00,1,97669c0dfd4c592744854a84028160c784ce009310a9c175c7ea16b27e7871fe
Kashmiri,kashmiri,ks,0,0,Missing published card translation,6298,148,148,18,130,130,130,130,0,18,True,2026-09-10T03:33:30.281807+00:00,1,75ce6974c20ede40144c70b63dd530c47755802c5901933363f6d02db645a7b8
Kashubian,kashubian,csb,0,0,Missing published card translation,12869,76,76,14,62,62,62,62,0,14,True,2026-09-10T03:33:30.806003+00:00,1,b19743fbdda53e04494fc093b4b3e912a8af851e69b10a4e06e927933b8bc683
Kathiyawadi,kathiyawadi,gu,0,0,Missing published card translation,6596,76,76,14,62,62,62,62,0,14,True,2026-09-10T03:33:31.000076+00:00,1,eba2aeccf59efbd6efb22d953ff52d1e8494fe4205beb9e5e299aa192be6281a
Khasi,khasi,kha,0,0,Missing published card translation,1197,92,92,16,76,76,76,76,0,16,True,2026-09-10T03:33:31.612085+00:00,1,1e622ef9f15bdd773d5d1c84a59815855b5c12e3474152781714cab8b698a67f
"Khmer, Central-M",khmer-central-m,km,0,0,Missing published card translation,24024,76,76,14,62,62,62,62,0,14,True,2026-09-10T03:33:32.463625+00:00,1,f7bf25ebb0d7e5d61f09945eb455ddcb2da63c273f992a7581cfe456f90e0acf
"Khmer, Northern",khmer-northern,km,0,0,Missing published card translation,14384,76,76,14,62,62,62,62,0,14,True,2026-09-10T03:33:32.007387+00:00,1,3f21afb59052fb66f13764dd07183a24c2eb16058edab38cc53b2e9e5af645af
"Khmer, Standard",khmer-standard,km,0,0,Missing published card translation,178043,232,232,36,196,196,196,196,2,34,True,2026-09-10T03:33:32.697520+00:00,1,ca53de03a7750c327bd7010a71e15c03948f3e859cb5348c4c4999021b5a63a9
"Kiche, Cunen",kiche-cunen,quc,0,0,Missing published card translation,139116,76,76,14,62,62,62,62,0,14,True,2026-09-10T03:33:33.304815+00:00,1,d908d18743aa928d3bdc173f67874a702d128c6b6bba8e818366de30f252fdee
Kinyarwanda,kinyarwanda,rw,0,0,Missing published card translation,20900,181,181,24,157,157,157,157,2,22,True,2026-09-10T03:33:34.011574+00:00,1,d613a71017d1a598fd8519158c386f09477c8d5337f21e27d4b8407647ea699b
Kiribati,kiribati,gil,0,0,Missing published card translation,4812,105,105,21,84,84,84,84,2,19,True,2026-09-10T03:33:34.074026+00:00,1,84047106ca740d9af7b6aef721b6f636496368f23c6e53baf7fa183c0571a792
Kirundi,kirundi,rn,0,0,Missing published card translation,20896,175,175,23,152,152,152,152,2,21,True,2026-09-10T03:33:34.312405+00:00,1,92111be67a2ec360afc2cde0458e34dede2c757760966b7d982f3a0deec8ba0f
Komi-Permyak,komi-permyak,koi,0,0,Missing published card translation,18528,76,76,14,62,62,62,62,0,14,True,2026-09-10T03:33:34.885909+00:00,1,02eb210e3d2269942ddd80b0d5db017be112e6c62613d8521dfd97b48e1798a3
Korean Sign Language,korean-sign-language,en,1,1,Insufficient eligible catalog inventory,7355,8,8,7,1,1,1,1,0,7,False,2026-09-10T03:34:39.607997+00:00,1,ecd6c252055bfa78e31f947cd259bd5ff696e4a4fdcbec0456a953cf834a1b02
Kortha,kortha,mai,0,0,Missing published card translation,183121,76,76,14,62,62,62,62,0,14,True,2026-09-10T03:33:35.225177+00:00,1,45b3f7ce2afbc1d938205f9137be4fd79b45937d358138b9187eec9e0b556c8a
Kumyk,kumyk,kum,0,0,Missing published card translation,14629,78,78,15,63,63,63,63,0,15,True,2026-09-10T03:33:37.465229+00:00,1,99abc46e0b9ffe159ead0a89017623f0264fb733898b585989c1c136baf9fcba
"Kurdi, Sorani",kurdi-sorani,ckb,0,0,Missing published card translation,139114,220,220,24,196,196,196,196,0,24,True,2026-09-10T03:33:36.101320+00:00,1,8ed0bfb0d2519cc79b79738bc45d39829705a1e848dc1279cc37b2fad663a831
"Kurdi, Sorani-Eastern",kurdi-sorani-eastern,ckb,0,0,Missing published card translation,139115,75,75,14,61,61,61,61,0,14,True,2026-09-10T03:33:37.870293+00:00,1,6ede52559b1765a8135157c71db06d72a262b22cd2681e8fbbab0b0e9bcfe1cc
Kusaal,kusaal,en,4,5,Insufficient eligible catalog inventory,141653,15,15,10,5,5,5,5,0,10,False,2026-09-10T03:34:39.977642+00:00,1,87ec8cf6b0821f3622d43d0ffdb1e862d01c2486d46355cf41aa47466cf5f662
Kwasio,kwasio,en,9,10,Six cards available; reserve below 30,144002,16,16,6,10,10,10,10,0,6,True,2026-09-10T03:34:54.289796+00:00,1,834fe83c6bf044296435cbb8db1a23d8cf30fb35400ec5ac957510d5b33fb8e5
Kyrgyz,kyrgyz,ky,0,0,Missing published card translation,53299,206,206,29,177,177,177,177,2,27,True,2026-09-10T03:33:37.341012+00:00,1,14cf3897f269235a736158f8afc447a7591d07ce45ca2c041e94eedf3851f904
Lak,lak,lbe,0,0,Missing published card translation,18509,78,78,15,63,63,63,63,0,15,True,2026-09-10T03:33:37.346250+00:00,1,8e8d04faf6cdb6a29f107ad73afc8c8d92c96754de9ba77b8e81379f95d1c2f3
Lao,lao,lo,0,0,Missing published card translation,7411,183,183,26,157,157,157,157,2,24,True,2026-09-10T03:33:39.324254+00:00,1,995a7a91faa6b8258af0c58498089e1c8e0b08cf8bcc7f8feeb841f2bad130af
Latvian,latvian,lv,0,0,Missing published card translation,7519,101,101,21,80,80,80,80,0,21,True,2026-09-10T03:33:39.396968+00:00,1,fe4e3434281d0fcf20258620bae8b813a4dc66558312dd4831f7e2ac9d3082e7
Lebanese Sign Language,lebanese-sign-language,en,1,2,Insufficient eligible catalog inventory,139080,9,9,7,2,2,2,2,0,7,False,2026-09-10T03:34:40.052446+00:00,1,291f73eb8d741d98202190344cfa8daed3103b47ed427fcec162b7f9e72058b2
Lebanese-Syrian Arabic,lebanese-syrian-arabic,en,10,11,Six cards available; reserve below 30,156811,21,21,10,11,11,11,11,0,10,True,2026-09-10T03:34:56.423701+00:00,1,2258445a27afbdaf9979276fd7ac2f7192e8fd84645f379c82973d4717aefc1e
Letuama-Tanimuca,letuama-tanimuca,en,1,1,Insufficient eligible catalog inventory,41117,8,8,7,1,1,1,1,0,7,False,2026-09-10T03:34:40.314996+00:00,1,9c87e9116981f055d1396670a3e41221d910256db7b0ff57a8b2953951b6d130
Lezgi,lezgi,lez,0,0,Missing published card translation,1127,80,80,15,65,65,65,65,0,15,True,2026-09-10T03:33:39.801479+00:00,1,6f0ad1014a77a015679ca709671907b888ee6d624ed64d4ff4ca3fbdd128b9b9
"Lhasa, Tibetan",lhasa-tibetan,bo,0,0,Missing published card translation,21795,101,101,17,84,84,84,84,0,17,True,2026-09-10T03:33:39.737551+00:00,1,accb193667b6b498137d39b18ce6af203f21ffa3f00d5b25f2313b2a95050aa1
"Limba, West-Central",limba-west-central,en,0,0,Insufficient eligible catalog inventory,13110,0,0,0,0,0,0,0,0,0,False,2026-09-10T03:34:40.489394+00:00,1,52bb3e194e6759586f99ec4058851eb7b9a0a01d5a24d19a2335243c7c2d3f23
Lingala,lingala,ln,0,0,Missing published card translation,4344,266,266,30,236,236,236,236,2,28,True,2026-09-10T03:33:41.710554+00:00,1,655e308611485911e2733bc92d34af8710903c6953712994b168a516a73c208b
Lithuanian,lithuanian,lt,0,0,Missing published card translation,7698,223,223,31,192,192,192,192,2,29,True,2026-09-10T03:33:42.016208+00:00,1,dac458bf4b179f39ec8b28a3e0c2b33f7bd12c848aadcbf579f1257e88e6d95a
Macedonian,macedonian,mk,0,0,Missing published card translation,20796,175,175,23,152,152,152,152,2,21,True,2026-09-10T03:33:42.520614+00:00,1,b421f7113ea763733c6e1d3d902f067ce7fa0defd8a85c1c4a1a02b604639dfe
Magindanaon,magindanaon,mdh,0,0,Missing published card translation,12635,132,132,16,116,116,116,116,0,16,True,2026-09-10T03:33:42.042428+00:00,1,303ba44187a8ce505c4bfc599ad4cc9e713c610eefd9223ba65ff82da7e299a0
Maithili,maithili,mai,0,0,Missing published card translation,6199,95,95,17,78,78,78,78,0,17,True,2026-09-10T03:33:42.942785+00:00,1,94fde3a123021aada9e5027e255a6c519e7513dfbcb03d11c9d9ca205c2372a0
"Maithili, Nepal",maithili-nepal,mai,0,0,Missing published card translation,184939,76,76,14,62,62,62,62,0,14,True,2026-09-10T03:33:43.233639+00:00,1,dd7680e1f62a07c5bf17eaf423c5d3d80e415471287a456c95c8f0ca8c46ac88
Malagasy,malagasy,mg,0,0,Missing published card translation,7761,187,187,26,161,161,161,161,2,24,True,2026-09-10T03:33:43.714795+00:00,1,75da765b35251c8aadbf54aac73cad2075cebbca4037ba197b30e0a6cbae9ab7
"Malagasy, Antankarana",malagasy-antankarana,mg,0,0,Missing published card translation,7750,76,76,14,62,62,62,62,0,14,True,2026-09-10T03:33:44.230586+00:00,1,c31aed6f6b1184b503c0c51bf704f73b0627b114e41d8475866a76212b72edbc
"Malagasy, Antesaka",malagasy-antesaka,mg,0,0,Missing published card translation,139117,78,78,15,63,63,63,63,0,15,True,2026-09-10T03:33:44.509631+00:00,1,f95240caef0b32e3d16e305a9413b6f38b07f5c3538dc4c4c927d1f316cfef5f
"Malagasy, Northern Betsimisaraka",malagasy-northern-betsimisaraka,mg,0,0,Missing published card translation,26664,79,79,15,64,64,64,64,0,15,True,2026-09-10T03:33:45.589830+00:00,1,0716ec3c246c8b3151fa2cd9dcb14c35bf6e4536d14753c709ce68cf7a910eef
"Malagasy, Southern Betsimisaraka",malagasy-southern-betsimisaraka,mg,0,0,Missing published card translation,27226,76,76,14,62,62,62,62,0,14,True,2026-09-10T03:33:46.460416+00:00,1,144324e82ffb9bbc634c39bf616813982e076975cf98275db0ee469dd1a969cf
"Malagasy, Tanosy",malagasy-tanosy,mg,0,0,Missing published card translation,26972,79,79,15,64,64,64,64,0,15,True,2026-09-10T03:33:46.126161+00:00,1,265f95fa7823fdaaef8f68f9072eff953f28d6199ee5ebfdc07ff9ed4e8f56a1
Malay,malay,ms,0,0,Missing published card translation,1927,287,287,34,253,253,253,253,2,32,True,2026-09-10T03:33:48.037205+00:00,1,06b166ead73b8466d431cbd7b0815af263cdb8c837840b39a78ec7c455afe320
"Malay, Ambonese",malay-ambonese,ms,0,0,Missing published card translation,16891,79,79,15,64,64,64,64,0,15,True,2026-09-10T03:33:47.064696+00:00,1,9ee190985185a7d2930bd34c6157262dbfcd7e3346594cc8489d94a93f341db6
"Malay, Papuan",malay-papuan,ms,0,0,Missing published card translation,100882,76,76,14,62,62,62,62,0,14,True,2026-09-10T03:33:47.367309+00:00,1,fb3c70699e6d8b609ca93579527bd4d0eae517c0bfd283d0c83bfd2fd9be0485
"Malay, Pattani",malay-pattani,ms,0,0,Missing published card translation,14386,79,79,15,64,64,64,64,0,15,True,2026-09-10T03:33:48.701409+00:00,1,89dd2509b2ff2fb3393f346d3eb1da31b9f647c1597218c91babd2608bf5990c
Malayalam,malayalam,ml,0,0,Missing published card translation,19985,327,327,38,289,289,289,289,0,38,True,2026-09-10T03:33:48.869078+00:00,1,6d1aafd9a628ad2ad85675f0d45e66aad24fd6768c7eb5eb8c9b5e9595d87baf
Maltese,maltese,mt,0,0,Missing published card translation,7885,175,175,23,152,152,152,152,2,21,True,2026-09-10T03:34:00.886063+00:00,1,56a82d2bf7bfaef11ce1588604a403ee0f3c82750358454fedc719f17b82b14b
"Mandarin, China",mandarin-china,zh,0,0,Missing published card translation,20615,631,631,63,568,568,568,568,2,61,True,2026-09-10T03:33:59.685568+00:00,2,5bc1e1f6a9dd4de8ba490249bc423ed3d79af24a785a02668af6f45be352a96c
Mandarin (Taiwan),mandarin-taiwan,zh-Hant,0,0,Missing published card translation,23221,171,171,23,148,148,148,148,0,23,True,2026-09-10T03:33:55.490142+00:00,1,8125d839e9f9a6e5e131db50f8b935fb73179583e8d79a691b42afd409f1096a
Manjaku,manjaku,mfv,0,0,Missing published card translation,23979,76,76,14,62,62,62,62,0,14,True,2026-09-10T03:33:54.082824+00:00,1,96771a476651a0657cf3c6a2432ddbf069caf42a473d22032bc0b9537962d380
Mankanya,mankanya,knf,0,0,Missing published card translation,5042,76,76,14,62,62,62,62,0,14,True,2026-09-10T03:33:58.730209+00:00,1,4f403906e2bb432d2e0ef5239952c542f5eecc136f3ca00e7d7b30e9ee5c3557
Maori,maori,mi,0,0,Missing published card translation,9198,76,76,14,62,62,62,62,0,14,True,2026-09-10T03:33:59.003196+00:00,1,bb81e740929cd530356afff3bff81b2d7a0263561ee0c32150c4124ed6424c6a
Marathi,marathi,mr,0,0,Missing published card translation,6174,325,325,31,294,294,294,294,0,31,True,2026-09-10T03:34:01.727045+00:00,1,06eb2a3f80ec21665480a2ea186dcb649e99fe45f0298662051bb2a6af1e5b36
Marshallese,marshallese,mh,0,0,Missing published card translation,7889,105,105,21,84,84,84,84,2,19,True,2026-09-10T03:34:00.985716+00:00,1,ef82d50c76ea3a2311b74a5ec3217d1a56c77cb101ce74bd2b3d3d30afafe472
Mazanderani,mazanderani,en,28,54,Six cards available; reserve below 30,6793,67,67,13,54,54,54,54,0,13,True,2026-09-10T03:34:56.902061+00:00,1,f0e8c02ff6171942927261837dc3b5408227a906ed47b1b2cbf0971516bf1f56
Mexican Sign Language,mexican-sign-language,en,1,1,Insufficient eligible catalog inventory,8230,8,8,7,1,1,1,1,0,7,False,2026-09-10T03:34:40.880255+00:00,1,d715ff9b85f185c6df805ba515c32c03c9e6697fc403cfd82bab70bf32a9414a
Moksha,moksha,mdf,0,0,Missing published card translation,18487,76,76,14,62,62,62,62,0,14,True,2026-09-10T03:34:01.014682+00:00,1,a82e9b2b4b9efa4240f3f04986f2659f124a6579cdfac1af174016bfd9f78a92
Nauruan,nauruan,na,0,0,Missing published card translation,8818,105,105,21,84,84,84,84,2,19,True,2026-09-10T03:34:02.242552+00:00,1,ef509fcfe24a59d9472c6b02c7cf1f99004e5d60c9e01daba2848193a1d8cac5
"Ndebele, Northern",ndebele-northern,nd,0,0,Missing published card translation,20851,166,166,23,143,143,143,143,2,21,True,2026-09-10T03:34:03.482255+00:00,1,20aa807688c7a6944b9e18816285878b76002fc1411c324c4078c23873775e52
"Ndebele, Southern",ndebele-southern,nr,0,0,Missing published card translation,20852,76,76,14,62,62,62,62,0,14,True,2026-09-10T03:34:03.155066+00:00,1,24f86ce7a5e63e33512b6f77f9444eae7c4198a6038c1907675afe092e40602b
Nepali,nepali,ne,0,0,Missing published card translation,1370,293,293,37,256,256,256,256,2,35,True,2026-09-10T03:34:03.990441+00:00,1,19ce3680fd3a4f8a61a928d5e4ee6690d6ed9f15d2bea278a795c335e91221dd
Nethakani,nethakani,te,0,0,Missing published card translation,139167,78,78,15,63,63,63,63,0,15,True,2026-09-10T03:34:03.717583+00:00,1,b3aa61872ebacb98ec5f87a9961c2cc3c68625034a11a85c55a43375b48b779e
New Zealand Sign Language,new-zealand-sign-language,en,1,1,Insufficient eligible catalog inventory,9194,8,8,7,1,1,1,1,0,7,False,2026-09-10T03:34:40.922103+00:00,1,885353a3193c5ef665a2146ee1ffb4d216023c09ea5b6bd179bc038a95f7893f
Noon,noon,snf,0,0,Missing published card translation,142878,79,79,15,64,64,64,64,0,15,True,2026-09-10T03:34:04.393775+00:00,1,42792ad779e802b2c400823f165b3cbf9c2512a84536e81920313959b02b3f2e
"Norwegian, Bokmal",norwegian-bokmal,no,0,0,Missing published card translation,10393,131,131,21,110,110,110,110,0,21,True,2026-09-10T03:34:05.169134+00:00,1,4fa8c4efe7331a2a72fe59c18c3c7aac4b0d23de7cc1689af8ef7e524e1ea6b0
Ogan,ogan,ms,0,0,Missing published card translation,17785,76,76,14,62,62,62,62,0,14,True,2026-09-10T03:34:05.233736+00:00,1,d26e56e34da7dccb7e9aaa7369a3e2bd41ae726d8ddace8da2dc3fa3415df94a
Oniyan,oniyan,bsc,0,0,Missing published card translation,139945,79,79,15,64,64,64,64,0,15,True,2026-09-10T03:34:05.388013+00:00,1,72554d2035159cfedbb093f99a61bc8dbcaeaed4fe6d88cee2d94f119c0727d8
Osetin,osetin,os,0,0,Missing published card translation,5089,76,76,14,62,62,62,62,0,14,True,2026-09-10T03:34:05.609531+00:00,1,f62b94aa5b9ee91c87ed90de6ebbc306ff0fde4080c8212dffad76c4f2d27bae
Palauan,palauan,pau,0,0,Missing published card translation,10589,107,107,21,86,86,86,86,2,19,True,2026-09-10T03:34:06.812406+00:00,1,677a6a5d314373fd41bb15ef46859961fd4b00ee6041e8c2e050e8b570172101
Pangasinan,pangasinan,pag,0,0,Missing published card translation,12606,76,76,14,62,62,62,62,0,14,True,2026-09-10T03:34:07.102718+00:00,1,cc42a5b1a0b8bc9b26ebe8da505bc769d8bc2bc015799f7eb7acef2ab4e59de2
Papiamentu,papiamentu,pap,0,0,Missing published card translation,9131,105,105,21,84,84,84,84,2,19,True,2026-09-10T03:34:07.621945+00:00,1,d35723b682db9176a0cb34e922c13e7eef9e369fc75ab3d3ec4f30b72a880069
Pasemah,pasemah,ms,0,0,Missing published card translation,17773,76,76,14,62,62,62,62,0,14,True,2026-09-10T03:34:07.716547+00:00,1,06414b6bea78bce3b56bb617c8f3d57c8dab36b416d897b330d12af1e311a48c
Persian Sign Language,persian-sign-language,en,1,1,Insufficient eligible catalog inventory,144134,76,76,14,62,62,1,62,0,14,True,2026-09-10T03:34:44.234049+00:00,1,10d41658f82e454ab8b3a8662a9dcbb9a4a2419589d93abe4afc02c4b01a7e90
Polish,polish,pl,0,0,Missing published card translation,4451,391,391,41,350,350,350,350,2,39,True,2026-09-10T03:34:10.288855+00:00,1,7b9cab1e5aa94ae47f3c7bf7c8f90f4100d5f7088f02cf8ac587497a4ea32973
"Portuguese, Mozambique",portuguese-mozambique,pt,14,28,Six cards available; reserve below 30,139136,48,48,20,28,28,28,28,2,18,True,2026-09-10T03:35:03.235877+00:00,1,16a3aaa66181daf40b3552504f053e891105a5e7f46be65f72d06a27e62eefaf
Punjabi,punjabi,pa,0,0,Missing published card translation,46771,231,231,27,204,204,204,204,0,27,True,2026-09-10T03:34:09.414054+00:00,1,57e56a97cbd824fd5decd3580ea1118bf5964b5aa5140010079fb79ee18fcda3
"Quiche, Central",quiche-central,quc,0,0,Missing published card translation,5399,105,105,21,84,84,84,84,2,19,True,2026-09-10T03:34:09.384093+00:00,1,efc40571fd8c2865f2618238aa0ef3356bb6c7a41ac25504b61fb59853a0f121
"Quiche, Joyabaj",quiche-joyabaj,quc,0,0,Missing published card translation,5398,151,151,19,132,132,132,132,0,19,True,2026-09-10T03:34:09.757596+00:00,1,7aedd1c02cf06d051a42d991a939b9df45cf69a8f5da04a4936252658d0208bc
"Quiche, West Central",quiche-west-central,quc,0,0,Missing published card translation,5425,76,76,14,62,62,62,62,0,14,True,2026-09-10T03:34:11.018625+00:00,1,86fa774874a7bf7ff8c8e40a593010803e88147e5a3c8c007acdc8f43efe6938
Ralte,ralte,en,0,0,Insufficient eligible catalog inventory,101511,1,1,0,1,1,1,1,0,0,False,2026-09-10T03:34:41.417872+00:00,1,6cd5e558db577c5f63c3395c11d32caa159a4b3b533387991c2dc447728f604c
Romanian,romanian,ro,0,0,Missing published card translation,5546,385,385,48,337,337,337,337,2,46,True,2026-09-10T03:34:13.376348+00:00,1,d5e0fa76600fb7d1085c1538a909176dafaa1652d331bee86284ff3ab8f9257a
Romanian Sign Language,romanian-sign-language,en,1,1,Insufficient eligible catalog inventory,12961,8,8,7,1,1,1,1,0,7,False,2026-09-10T03:34:42.664952+00:00,1,5abc00f7456a84334c198ff56453ce30db1f381c5af778ce385a94c13d1c92e7
Rufumbira,rufumbira,rw,0,0,Missing published card translation,106188,76,76,14,62,62,62,62,0,14,True,2026-09-10T03:34:11.547755+00:00,1,83718f253a3d09da0320381b33036fb21e383100de999ac1346319de1ec63201
Russian Sign Language,russian-sign-language,en,1,1,Insufficient eligible catalog inventory,1944,8,8,7,1,1,1,1,0,7,False,2026-09-10T03:34:42.670697+00:00,1,0694fc6c457b8d35bb26307c1d1dd56d7a9678e406418e390694d7f4d6e868a6
Saafi-Saafi,saafi-saafi,sav,0,0,Missing published card translation,143610,76,76,14,62,62,62,62,0,14,True,2026-09-10T03:34:11.760186+00:00,1,af34533498015aecabbe8ec493d59ae695965caea03575bce80149cc2996629b
Salar,salar,en,0,1,Insufficient eligible catalog inventory,3924,6,6,5,1,1,1,1,0,5,False,2026-09-10T03:34:44.351396+00:00,1,a551e2603d3cecd40f884c31604f1468b01d6d024dba7cb0378207f546b5e4b1
Samarkand-Tajik,samarkand-tajik,tg,0,0,Missing published card translation,24156,148,148,18,130,130,130,130,0,18,True,2026-09-10T03:34:12.846023+00:00,1,fd5b526e37f4079ad273e8764e10a23b426f16f526b5d71978afbd660e19ddc0
Samoan,samoan,sm,0,0,Missing published card translation,530,105,105,21,84,84,84,84,2,19,True,2026-09-10T03:34:12.981360+00:00,1,fea148682cd0a6b4a1e6c9a0167c8d04a79e5f5157dbddf77c07197fd05ee83d
Sango,sango,sg,0,0,Missing published card translation,3156,111,111,22,89,89,89,89,2,20,True,2026-09-10T03:34:13.220119+00:00,1,89d69a1747e7b5319f1e6a1e2abf221139b09445c43ff2ac4699b11b96987fbd
"Santali, India",santali-india,sat,0,0,Missing published card translation,24249,95,95,17,78,78,78,78,0,17,True,2026-09-10T03:34:14.751075+00:00,1,e003a7cac327753676463e6b9b48ace94b0186e9198e9cb0f3d719b4494e08b8
"Santhali, Nepal",santhali-nepal,sat,0,0,Missing published card translation,184924,76,76,14,62,62,62,62,0,14,True,2026-09-10T03:34:14.979911+00:00,1,4a1777532c85da83c5a03f41c0913352d159e8303079c570d383e97aa13473f1
Serawai,serawai,ms,0,0,Missing published card translation,17760,76,76,14,62,62,62,62,0,14,True,2026-09-10T03:34:14.927780+00:00,1,aaddeb6fa018888fd944a24988ec0e926d28a240d1fad19b49a785d33993111b
Serbian,serbian,sr,0,0,Missing published card translation,5541,298,298,35,263,263,263,263,2,33,True,2026-09-10T03:34:16.146344+00:00,1,5f183189039ecf1b8d5267800dc1427c04da199da24c24336e8adaa76a4f071a
Serere-Sine,serere-sine,srr,0,0,Missing published card translation,5058,76,76,14,62,62,62,62,0,14,True,2026-09-10T03:34:16.036122+00:00,1,846321cb877a0635cec993b7ac9ab828798648d225c62883e00575a236d5d7c4
Shona,shona,sn,0,0,Missing published card translation,8506,184,184,26,158,158,158,158,2,24,True,2026-09-10T03:34:17.038028+00:00,1,821815aad59d6844287b35e91cdbe537886112dba139fc14ab0be092d1c91fe4
Sidamo,sidamo,en,1,1,Insufficient eligible catalog inventory,4644,13,13,12,1,1,1,1,0,12,False,2026-09-10T03:34:44.801750+00:00,1,cf38506b07626a4258232190684d554172a1773a4c35ae14efb71e82e8e621e1
Sindhi,sindhi,sd,0,0,Missing published card translation,389,163,163,24,139,139,139,139,2,22,True,2026-09-10T03:34:17.313922+00:00,1,0c88e1271b0b70aec6c3692ad813621f10b9b88895820c5928bc81243fd54973
Sinhala,sinhala,si,0,0,Missing published card translation,13172,205,205,28,177,177,177,177,2,26,True,2026-09-10T03:34:19.235746+00:00,1,c8f0cb98279b0c7b0af3c86a0a6a9340a62fbd637b713e9fd3d41fedd48f2599
Siswati,siswati,ss,0,0,Missing published card translation,20947,126,126,23,103,103,103,103,2,21,True,2026-09-10T03:34:17.877299+00:00,1,c42811e52789e0289d381ae99a9c3b678999eb0d84f25a3afc63c1b9501fdd82
Slovak,slovak,sk,0,0,Missing published card translation,5545,296,296,33,263,263,263,263,2,31,True,2026-09-10T03:34:19.352135+00:00,1,8b600e89d52a5605383d70a7fa500465c03a34eb96f34bd2bc2fbb46e240e971
Slovenian,slovenian,sl,0,0,Missing published card translation,1112,122,122,23,99,99,99,99,2,21,True,2026-09-10T03:34:19.076817+00:00,1,4c339b778531496e18187675ea263f60f8d833a6eca801824e2d1121f7f413a6
Somali,somali,so,0,0,Missing published card translation,4466,228,228,28,200,200,200,200,2,26,True,2026-09-10T03:34:20.010087+00:00,1,f190ebe42974ba04a6ce86154210b6fa6b58aecde4f0c61449199d048cd04075
"Sotho, Northern",sotho-northern,nso,0,0,Missing published card translation,13465,120,120,22,98,98,98,98,2,20,True,2026-09-10T03:34:20.452259+00:00,1,9865b9298386ec1445fb4ffba00acf6e58103bebd94358520e9453fde22e9d26
"Sotho, Southern",sotho-southern,st,0,0,Missing published card translation,7546,129,129,25,104,104,104,104,2,23,True,2026-09-10T03:34:21.373653+00:00,1,8698a20cce0bad6c3ef7b5aa81582bb974e56868addfb2e1b5dd734dd4fee167
"Swahili, Congo",swahili-congo,sw,0,0,Missing published card translation,23388,166,166,23,143,143,143,143,2,21,True,2026-09-10T03:34:21.859058+00:00,1,00946f4102af7360e1e156ccf59b476590529d3df3bbadce3c1c1d8db69e82df
"Swahili, Kenya",swahili-kenya,sw,0,0,Missing published card translation,23179,84,84,17,67,67,67,67,0,17,True,2026-09-10T03:34:22.652039+00:00,1,88447657349d77f0df919ea0a0d2724a2252a4b203e4e058edd8f961ebec256f
"Swahili, Tanzania",swahili-tanzania,sw,0,0,Missing published card translation,23178,318,318,34,284,284,284,284,0,34,True,2026-09-10T03:34:23.329604+00:00,1,7704e856417e2326d81591fe5c4a1866284f5bbb8b3463ee9a01221602f7e611
Swedish,swedish,sv,0,0,Missing published card translation,4823,275,275,31,244,244,244,244,2,29,True,2026-09-10T03:34:23.065667+00:00,1,3dda0cf76483d150c6be80aa93c9b9be2d872aae491dc4a820e528b3aecb8994
Tahitian,tahitian,ty,0,0,Missing published card translation,4950,105,105,21,84,84,84,84,2,19,True,2026-09-10T03:34:23.069635+00:00,1,742b713e61f71ee02f805bbcde871b2ef53252b8eceee35df1985487759a48b4
Tajik,tajik,tg,0,0,Missing published card translation,24309,208,208,29,179,179,179,179,2,27,True,2026-09-10T03:34:24.617131+00:00,1,fa4c258ecf64c1158bc2c2638444f919c8d40e709e850bc601652794efcbdeb6
"Tamazight, Central Atlas",tamazight-central-atlas,tzm,0,0,Missing published card translation,512,236,236,22,214,214,214,214,2,20,True,2026-09-10T03:34:25.033848+00:00,1,30a8d45195054f88676cbcdde32529925a6bc664a2df12c38bc1f5ebbd4d3b09
Tamil,tamil,ta,0,0,Missing published card translation,5871,354,354,41,313,313,313,313,2,39,True,2026-09-10T03:34:26.465253+00:00,1,31257160583e4f3ca3790405f089040eaf5402eb7ef2c822661e62806f6a2753
Tarifit (Abs),tarifit-arabic-based-script,en,1,1,Insufficient eligible catalog inventory,184497,7,7,6,1,1,1,1,0,6,False,2026-09-10T03:34:43.547130+00:00,1,d9ec5469bf53e3e06e3e4e14aaf7be05596a3b7263e2aabb50c17b6850e22b9e
Tarifit (Lbs),tarifit-latin-based-script,en,1,1,Insufficient eligible catalog inventory,184498,7,7,6,1,1,1,1,0,6,False,2026-09-10T03:34:44.437223+00:00,1,0e040ff2e99eec04123f040ab5f9aea2f5187e210e2786c08c567b2fd51d22a5
Tatar,tatar,tt,0,0,Missing published card translation,411,165,165,20,145,145,145,145,0,20,True,2026-09-10T03:34:25.328417+00:00,1,a909048d43d6bbffafa73153a68af815c679c367ab4269eb8c971c1faa90df15
Tausug,tausug,tsg,0,0,Missing published card translation,12535,132,132,16,116,116,116,116,0,16,True,2026-09-10T03:34:26.245461+00:00,1,3bf19b0b2a7f1037367e59700950884119ca47a845d3aaa5d41982441cd796a1
Telugu,telugu,te,0,0,Missing published card translation,5848,273,273,39,234,234,234,234,2,37,True,2026-09-10T03:34:27.389830+00:00,1,a87d0fa4eda9687682567f4c8a85f9998979d6acae569ced4b940c8f60f70101
Tetun Belu,tetun-belu,tet,0,0,Missing published card translation,53297,105,105,21,84,84,84,84,2,19,True,2026-09-10T03:34:26.809703+00:00,1,276f167bbd56b701ce43bf1b7ceabb6d8de39c9a8afd1d8944ecbc1fd51ee8c8
Tlicho,tlicho,dgr,0,0,Missing published card translation,139104,76,76,14,62,62,62,62,0,14,True,2026-09-10T03:34:27.522868+00:00,1,4090a2aaeb4cdb2afb62b0d9699ce6dc7a2a80d7150e7118a6329b83377626b8
Tok Pisin,tok-pisin,tpi,0,0,Missing published card translation,23528,122,122,22,100,100,100,100,2,20,True,2026-09-10T03:34:27.983935+00:00,1,c3ef29dc26cb55e4ea3ee6c19774eeaf577e2a23daedfc4630b5a16bdad20d19
"Tonga, Zambezi",tonga-zambezi,en,1,2,Insufficient eligible catalog inventory,20984,7,7,5,2,2,2,2,0,5,False,2026-09-10T03:34:45.297940+00:00,1,47c585fde424619de0fb7f5f4db96f7390e1f7ced1a108a24f905dc0a6e0fb1d
Tongan,tongan,to,0,0,Missing published card translation,14509,121,121,22,99,99,99,99,2,20,True,2026-09-10T03:34:28.360341+00:00,1,0cd11abaf179e0e6fcd98fbc6fc5d577f40632e27b702e83bf623b9537bcfb15
Tshiluba,tshiluba,lua,0,0,Missing published card translation,20790,138,138,17,121,121,121,121,0,17,True,2026-09-10T03:34:29.494441+00:00,1,e816a0f893f481270d4bb4f2aea9fbd259cdcc40d6d3cc09705440d863a7ae86
Tsonga,tsonga,ts,0,0,Missing published card translation,8494,107,107,21,86,86,86,86,2,19,True,2026-09-10T03:34:29.691730+00:00,1,b34d945de05a9c2cb5343622e3475ba9513bdce0aae6b9b9510c79637f924ff7
Tswana,tswana,tn,0,0,Missing published card translation,1479,126,126,23,103,103,103,103,2,21,True,2026-09-10T03:34:29.941234+00:00,1,6f0ba16868ec3179a329993a2d7548d6265cc95c5d3e60efe5a8c2b9d203a1ca
Turkmen,turkmen,tk,0,0,Missing published card translation,420,202,202,26,176,176,176,176,2,24,True,2026-09-10T03:34:30.491693+00:00,1,170167488b4ff12c7a162d16a8bfab30a784209a208ceb5725211b7cec9c4327
Tuvin,tuvin,tyv,0,0,Missing published card translation,3892,151,151,19,132,132,132,132,0,19,True,2026-09-10T03:34:31.259778+00:00,1,bd099d5025e7db19ed4c22825d569e2b7d59d677cd656da5d9312c39fa549a2a
Udmurt,udmurt,udm,0,0,Missing published card translation,18606,161,161,19,142,142,142,142,0,19,True,2026-09-10T03:34:31.465567+00:00,1,72b739f1da6d499c94e61277232869810066bfc15d441d707acf301d96ae69f3
Ukrainian,ukrainian,uk,0,0,Missing published card translation,12876,316,316,38,278,278,278,278,2,36,True,2026-09-10T03:34:32.502076+00:00,1,e915e17c5c4bd27ee3cb51556b1b469bfbff2f2decdb2156683eb251138b8226
Ukrainian Sign Language,ukrainian-sign-language,en,1,1,Insufficient eligible catalog inventory,14783,8,8,7,1,1,1,1,0,7,False,2026-09-10T03:34:45.297693+00:00,1,02b5a52edbef7134e94a2c2fe886f91d3fa291c0b9216089b213cdd8633d36d8
Urdu (Indian),urdu-indian,en,1,1,Insufficient eligible catalog inventory,22563,3,3,2,1,1,1,1,0,2,False,2026-09-10T03:34:45.326107+00:00,1,d3c63ae5b2448f2f726dab97183aaa0da08adc730b9a7f32f010cf451084a3d2
Uspanteco,uspanteco,usp,0,0,Missing published card translation,5431,76,76,14,62,62,62,62,0,14,True,2026-09-10T03:34:31.922336+00:00,1,2cafcf20b8a36074ba46b36cb374b8d25268a85342d2760f6bb83e9c9e6fb558
Uyghur,uyghur,ug,0,0,Missing published card translation,410,91,91,18,73,73,73,73,0,18,True,2026-09-10T03:34:32.889005+00:00,1,08a8e35a0f509e8080fb01b9af14a103d404f107cc638ee8b351ca3523888df2
"Uyghur, Central Asia",uyghur-central-asia,en,1,1,Insufficient eligible catalog inventory,185211,9,9,8,1,1,1,1,0,8,False,2026-09-10T03:34:45.670866+00:00,1,d4115dae441cbb1b276f6b9cb40c71eabcc877ea1e5047175dc72d1c30c1c94e
Vajjika,vajjika,mai,0,0,Missing published card translation,153840,76,76,14,62,62,62,62,0,14,True,2026-09-10T03:34:32.695168+00:00,1,de5d60393a4558b1704365a75d4352cc38e44aa2d093a277f4b646b5a0559461
Venda,venda,ve,0,0,Missing published card translation,13414,92,92,16,76,76,76,76,0,16,True,2026-09-10T03:34:33.762901+00:00,1,2d791f7e5db2f6fdeaa7cdc9c7fc5109631561e9477d085a294ad519db219af5
Visual Vernacular,visualvernacular,en,3,5,Insufficient eligible catalog inventory,185345,5,5,2,3,3,3,3,2,0,False,2026-09-10T03:34:51.238537+00:00,1,5dc1eb6196187900e90df3bb44a092de2ddfe0c857dbddc951c2d30f8606ea48
Waray-Waray,waray-waray,war,0,0,Missing published card translation,12533,76,76,14,62,62,62,62,0,14,True,2026-09-10T03:34:33.886264+00:00,1,591df1d6e8dfc2d924dfca136a03188525fe8f91b242995c635d79f03932c4af
"Wayampi, Oiapoque",wayampi-oiapoque,en,1,1,Insufficient eligible catalog inventory,1796,8,8,7,1,1,1,1,0,7,False,2026-09-10T03:34:51.235289+00:00,1,eda53808b6c18aaa7905a0a6736d0fb93078b38521ca03a14d908a398b969c52
Welsh,welsh,cy,0,0,Missing published card translation,14815,76,76,14,62,62,62,62,0,14,True,2026-09-10T03:34:34.106257+00:00,1,bbaf83a02085db1096d5aba0aad24e7679d96b88a83af6290f20a7762a77b771
Wolof,wolof,wo,0,0,Missing published card translation,7897,171,171,24,147,147,147,147,2,22,True,2026-09-10T03:34:35.436372+00:00,1,670fcf091a54963420d4a68a17f1efaee665273937bbfbaed10b37119076db2f
Xhosa,xhosa,xh,0,0,Missing published card translation,13408,184,184,26,158,158,158,158,2,24,True,2026-09-10T03:34:36.003989+00:00,1,bd2289ab3fbcfa1e94d3eefe900fdb1f28157626a6218ab8b70673852879b97c
Yakpa,yakpa,en,0,0,Insufficient eligible catalog inventory,109459,0,0,0,0,0,0,0,0,0,False,2026-09-10T03:34:52.159847+00:00,1,3099f7eb722eab36a1fbe3a26e1fd2736aba8677c9d163b7c2c24835957ca068
Yakut,yakut,sah,0,0,Missing published card translation,18379,76,76,14,62,62,62,62,0,14,True,2026-09-10T03:34:36.520982+00:00,1,51d0d19d6e4ebdcd8c05f08f8c7cf90f4dfdc36368f59cb149af5258bd4de9a7
Yiddish,yiddish,en,1,1,Insufficient eligible catalog inventory,5130,8,8,7,1,1,1,1,0,7,False,2026-09-10T03:34:51.171073+00:00,1,64d164d43d10c61bf8bdfc17898b90752e1bb00c3c3499e50ce08003c1f7bccb
Yoruba,yoruba,yo,0,0,Missing published card translation,1308,217,217,32,185,185,185,185,2,30,True,2026-09-10T03:34:36.545695+00:00,1,fe3ad31f424864485a487d06734f89cfa098c4387c564f71d9bfd9fb9eef9afc
"Zhuang, Minz",zhuang-minz,en,0,0,Insufficient eligible catalog inventory,99581,0,0,0,0,0,0,0,0,0,False,2026-09-10T03:34:53.420562+00:00,1,f79adb9ae806b7eb072b423de2c1b23750991fe4a3c689546c1e38200a081cec
Zulu,zulu,zu,0,0,Missing published card translation,7547,279,279,32,247,247,247,247,2,30,True,2026-09-10T03:34:37.708530+00:00,1,d759f97b147aa5cbb54758d92764c08da57f2cf16661f4ca218497e1e3b41540
